Date,GHI_Satellite,ClearSky_GHI,Ambient_Temp,Humidity,Wind_Speed
2023-01-01,3.0077,3.3367,17.16,76.93,2.38
2023-01-02,3.2676,3.3418,17.21,76.45,2.59
2023-01-03,1.5967,3.6482,16.71,76.99,2.79
2023-01-04,1.1642,3.5674,15.45,77.22,3.06
2023-01-05,2.7022,3.5978,15.23,75.65,3.32
2023-01-06,2.6062,3.7978,15.1,72.13,3.56
2023-01-07,1.5994,4.1333,15.13,73.23,3.15
2023-01-08,3.3372,4.26,15.8,74.05,2.79
2023-01-09,4.2084,4.23,16.98,71.89,2.88
2023-01-10,4.261,4.2634,17.58,63.59,2.84
2023-01-11,3.8954,3.9125,16.21,62.86,2.6
2023-01-12,3.5167,3.9122,17.22,57.88,1.84
2023-01-13,3.5158,3.5558,18.82,56.77,1.36
2023-01-14,1.6404,2.6933,20.05,71.06,1.76
2023-01-15,3.1932,3.4954,19.53,68.58,2.24
2023-01-16,2.7626,3.0718,18.06,71.39,2.12
2023-01-17,2.951,3.3979,17.38,74.41,2.19
2023-01-18,2.9028,3.0806,16.68,71.13,2.33
2023-01-19,3.5983,3.6245,16.39,63.73,2.67
2023-01-20,3.8986,3.907,16.69,57.36,2.33
2023-01-21,3.9134,3.9384,18.33,55.2,1.8
2023-01-22,3.6163,3.6838,19.09,59.8,1.88
2023-01-23,3.0912,3.3223,20.14,66.29,1.85
2023-01-24,3.3617,3.4498,21.0,69.63,2.1
2023-01-25,3.2054,3.2952,21.78,62.95,1.6
2023-01-26,2.9726,2.9777,22.48,62.08,1.45
2023-01-27,3.713,3.7152,22.87,63.1,1.87
2023-01-28,3.9434,3.9655,22.1,64.65,2.42
2023-01-29,4.1822,4.2041,20.46,62.23,2.61
2023-01-30,4.4537,4.6303,21.77,57.87,1.93
2023-01-31,3.251,4.2353,22.29,53.89,2.1
2023-02-01,3.2206,4.2641,21.49,56.13,3.57
2023-02-02,4.5787,5.0088,19.38,50.09,3.41
2023-02-03,4.853,4.8593,18.89,50.06,3.06
2023-02-04,4.1854,4.2415,19.24,47.5,2.69
2023-02-05,4.2437,4.2545,20.73,44.03,2.02
2023-02-06,4.4146,4.4254,21.69,41.62,1.96
2023-02-07,4.1834,4.5744,21.94,54.76,2.61
2023-02-08,3.8302,4.4892,22.87,59.08,2.99
2023-02-09,3.6449,4.0553,22.52,50.34,1.84
2023-02-10,4.7486,4.7866,22.27,42.6,1.94
2023-02-11,4.3358,4.7256,23.19,53.8,2.68
2023-02-12,4.3126,4.8559,23.69,56.83,3.02
2023-02-13,5.819,5.8375,20.54,31.45,3.45
2023-02-14,5.527,5.5313,21.14,31.73,1.63
2023-02-15,5.0431,5.1082,20.95,35.19,1.3
2023-02-16,4.6942,4.8017,21.47,50.02,1.68
2023-02-17,4.6548,4.771,23.03,54.15,1.49
2023-02-18,3.7721,4.3315,23.49,54.28,1.57
2023-02-19,3.4291,3.8177,23.95,57.86,1.64
2023-02-20,3.533,3.5966,24.93,59.06,2.05
2023-02-21,2.562,3.4939,25.68,63.84,3.22
2023-02-22,4.4952,4.6841,26.71,61.62,3.85
2023-02-23,5.0683,5.335,26.77,59.09,2.27
2023-02-24,4.6942,5.011,26.9,58.99,1.94
2023-02-25,4.7191,5.292,26.9,49.37,1.55
2023-02-26,5.4715,5.5644,26.21,42.05,2.0
2023-02-27,5.2978,5.4456,25.89,39.43,2.05
2023-02-28,5.4233,5.5498,26.43,33.45,2.08
2023-03-01,5.4202,5.5253,26.41,34.54,1.75
2023-03-02,5.3429,5.4782,26.73,37.99,2.18
2023-03-03,5.687,5.6983,27.85,30.87,2.24
2023-03-04,5.5716,5.5769,28.38,31.43,1.46
2023-03-05,5.537,5.5447,28.81,29.9,2.16
2023-03-06,5.7355,5.8171,28.46,28.46,2.68
2023-03-07,5.9705,6.0526,28.21,28.46,2.45
2023-03-08,4.8893,5.7607,28.57,30.44,2.21
2023-03-09,5.2092,5.4425,27.88,35.11,2.56
2023-03-10,3.1097,5.395,26.47,37.22,2.42
2023-03-11,3.5822,5.1012,28.46,35.93,1.88
2023-03-12,5.3074,5.3467,28.65,35.44,2.2
2023-03-13,5.6645,5.8008,29.6,33.12,1.72
2023-03-14,4.0966,4.5499,29.05,42.96,3.29
2023-03-15,3.9528,4.5223,28.6,52.07,2.54
2023-03-16,3.2203,4.4251,26.88,61.63,2.85
2023-03-17,2.1132,4.0757,26.31,60.42,1.91
2023-03-18,4.2432,4.7126,26.15,61.76,1.65
2023-03-19,1.6738,5.2896,23.6,80.05,3.08
2023-03-20,3.263,5.5687,24.36,72.65,3.59
2023-03-21,4.7714,5.8944,26.08,67.1,2.32
2023-03-22,5.2973,5.4156,26.28,61.21,2.04
2023-03-23,5.4545,5.7778,26.5,58.77,2.08
2023-03-24,5.1125,5.5344,27.1,62.03,2.12
2023-03-25,4.6922,5.1948,28.17,62.85,2.73
2023-03-26,4.7539,5.2579,28.65,65.25,3.3
2023-03-27,4.5029,5.3616,27.75,70.88,2.43
2023-03-28,5.0962,5.1842,27.88,66.67,2.02
2023-03-29,4.6075,5.2152,28.0,69.44,2.99
2023-03-30,4.6522,4.8367,27.59,72.66,2.89
2023-03-31,2.9508,5.3419,26.09,82.95,2.53
2023-04-01,3.1274,5.4773,24.24,86.71,1.8
2023-04-02,6.4193,6.5383,25.71,73.2,2.26
2023-04-03,6.6677,6.684,27.27,67.25,2.35
2023-04-04,5.9609,6.2107,28.14,67.47,3.04
2023-04-05,5.9282,6.198,29.29,68.97,2.77
2023-04-06,6.7152,6.7649,28.94,56.53,2.07
2023-04-07,6.6655,6.8206,29.04,53.05,2.02
2023-04-08,6.6893,6.81,29.51,51.65,2.0
2023-04-09,6.637,6.6662,30.09,48.07,2.1
2023-04-10,6.5443,6.5724,30.22,49.41,1.95
2023-04-11,6.4574,6.4783,30.85,51.07,1.69
2023-04-12,7.0066,7.0241,30.78,35.15,1.71
2023-04-13,7.0975,7.1062,31.2,38.4,2.13
2023-04-14,6.869,6.8926,31.75,51.73,2.18
2023-04-15,5.9004,6.4322,32.54,56.33,1.89
2023-04-16,6.1085,6.5112,31.93,56.09,2.17
2023-04-17,6.0977,6.1344,32.35,58.74,3.59
2023-04-18,5.7403,5.9352,32.61,59.87,2.94
2023-04-19,5.9285,6.0629,32.86,59.66,3.61
2023-04-20,6.018,6.2412,33.28,58.47,3.85
2023-04-21,4.2374,5.4794,33.03,54.76,1.98
2023-04-22,5.9429,6.4529,32.28,40.95,1.6
2023-04-23,2.3326,6.1289,29.6,50.68,3.24
2023-04-24,4.9238,6.8242,29.74,58.4,1.76
2023-04-25,6.4054,6.8177,29.24,60.3,2.09
2023-04-26,6.2364,6.7538,30.89,52.68,1.16
2023-04-27,5.2574,6.4615,31.67,53.85,1.56
2023-04-28,5.783,6.4814,29.45,66.45,2.3
2023-04-29,5.3458,6.402,30.12,65.67,2.57
2023-04-30,5.5632,6.468,30.09,66.04,1.12
2023-05-01,4.6519,6.3046,28.21,71.35,1.75
2023-05-02,6.6134,6.9682,29.72,60.45,1.36
2023-05-03,4.7402,6.8578,29.0,69.93,2.57
2023-05-04,4.8451,6.696,28.92,69.31,2.82
2023-05-05,5.4718,6.0886,29.06,71.87,2.33
2023-05-06,4.9001,5.9155,30.23,68.58,2.04
2023-05-07,6.6007,6.6847,31.41,60.08,2.55
2023-05-08,7.2084,7.2312,32.21,57.64,2.87
2023-05-09,5.8099,6.6425,32.75,55.14,3.1
2023-05-10,6.0521,6.444,32.95,59.51,3.31
2023-05-11,6.3799,6.497,32.55,60.37,2.39
2023-05-12,4.2058,6.1733,31.09,65.18,1.71
2023-05-13,4.7218,6.2426,31.09,65.1,2.99
2023-05-14,5.3263,6.781,30.42,58.9,5.23
2023-05-15,6.8945,7.153,31.06,53.09,3.27
2023-05-16,5.5464,6.287,31.67,65.68,4.29
2023-05-17,5.7593,6.5786,30.41,75.45,4.12
2023-05-18,5.1302,6.4584,28.58,84.72,3.49
2023-05-19,5.179,6.5381,29.26,83.28,3.76
2023-05-20,6.7574,6.8638,30.5,73.55,3.78
2023-05-21,5.5531,6.3511,29.83,77.68,4.0
2023-05-22,5.9174,6.0768,29.64,79.19,3.94
2023-05-23,4.9303,6.0792,29.24,83.6,2.34
2023-05-24,5.1862,6.5592,28.1,84.28,2.66
2023-05-25,5.7876,6.5232,28.18,85.3,2.45
2023-05-26,6.2974,6.5028,28.95,83.25,2.48
2023-05-27,3.7462,6.5628,28.98,78.7,2.14
2023-05-28,6.8474,7.0646,29.01,74.07,0.95
2023-05-29,7.3106,7.3913,30.06,70.86,1.3
2023-05-30,6.726,7.1938,30.66,73.1,1.52
2023-05-31,6.5534,6.9245,31.06,74.58,2.01
2023-06-01,5.6515,6.0794,30.62,76.51,2.57
2023-06-02,6.6732,6.7138,31.07,74.8,3.17
2023-06-03,6.2393,6.4586,30.85,75.5,3.0
2023-06-04,6.4234,6.8719,30.84,75.16,2.71
2023-06-05,6.9881,7.0423,30.39,76.46,2.03
2023-06-06,6.4889,6.5515,30.61,76.24,2.29
2023-06-07,5.3609,6.4666,31.1,74.52,2.36
2023-06-08,2.2786,6.4766,31.66,71.43,2.11
2023-06-09,2.9568,6.6192,30.11,76.44,2.78
2023-06-10,4.0202,6.3406,30.37,75.72,1.98
2023-06-11,4.6265,5.8301,30.39,78.42,2.99
2023-06-12,3.2957,5.149,29.78,82.38,3.2
2023-06-13,4.4774,5.8716,30.06,83.55,3.6
2023-06-14,6.2321,6.6751,30.19,83.94,5.17
2023-06-15,4.9798,6.3329,31.07,80.04,5.9
2023-06-16,5.4881,6.6907,30.37,83.69,5.23
2023-06-17,5.3093,6.5443,30.44,83.21,4.96
2023-06-18,3.7258,6.0204,29.44,84.39,4.49
2023-06-19,3.7526,6.4111,28.8,89.05,3.88
2023-06-20,3.5309,6.7046,29.06,87.46,3.75
2023-06-21,3.882,6.5062,28.96,89.69,3.11
2023-06-22,2.9942,6.4666,28.58,88.17,3.03
2023-06-23,5.2798,7.3092,29.02,84.62,3.12
2023-06-24,5.7662,7.435,29.47,84.49,3.24
2023-06-25,5.9717,7.4786,29.19,84.26,4.99
2023-06-26,4.1198,7.3418,27.9,89.42,5.83
2023-06-27,2.5442,7.254,27.52,93.49,4.07
2023-06-28,1.1486,7.1038,27.92,92.25,4.43
2023-06-29,2.0066,7.2871,27.95,92.75,3.43
2023-06-30,3.631,7.1081,28.64,90.95,3.63
2023-07-01,3.4675,6.9413,29.37,87.3,2.55
2023-07-02,4.4568,6.8273,28.73,91.96,2.9
2023-07-03,4.488,6.9194,29.33,88.93,2.34
2023-07-04,6.4759,7.1467,29.75,85.68,2.29
2023-07-05,5.7938,7.375,29.23,88.03,3.42
2023-07-06,4.5521,7.4765,29.06,88.28,4.21
2023-07-07,5.1744,7.3183,28.78,91.09,4.05
2023-07-08,5.4401,7.3567,29.21,89.37,3.42
2023-07-09,5.406,7.1974,29.26,87.42,2.65
2023-07-10,4.8902,7.0601,29.59,87.24,2.79
2023-07-11,4.9946,7.0642,29.17,85.7,4.04
2023-07-12,5.2848,7.158,28.26,87.99,3.37
2023-07-13,5.2466,7.0022,28.41,91.41,2.68
2023-07-14,5.2349,7.0589,28.5,89.51,2.43
2023-07-15,4.5283,7.3418,29.08,85.41,2.38
2023-07-16,4.7995,7.2341,28.91,87.99,3.77
2023-07-17,5.0623,7.175,28.81,88.93,4.48
2023-07-18,6.5791,7.351,28.82,88.05,4.83
2023-07-19,5.784,7.2761,29.25,86.78,4.71
2023-07-20,6.3086,7.2026,28.98,88.8,4.25
2023-07-21,5.5164,7.3262,28.84,89.91,3.72
2023-07-22,5.7955,7.3716,28.96,88.66,4.29
2023-07-23,5.9042,7.2761,28.92,88.37,2.76
2023-07-24,6.3086,7.3262,29.35,84.83,2.98
2023-07-25,5.8313,7.3447,29.22,86.15,3.72
2023-07-26,4.9356,7.2804,28.97,88.25,4.13
2023-07-27,4.8816,7.1832,29.3,86.76,4.12
2023-07-28,5.5469,7.0704,29.34,86.87,3.96
2023-07-29,4.5739,7.087,29.75,86.64,3.53
2023-07-30,5.6095,7.2295,30.08,86.02,2.45
2023-07-31,5.5385,7.1534,31.03,78.62,0.93
2023-08-01,5.6839,7.3241,30.1,86.48,3.46
2023-08-02,4.117,7.033,28.75,89.82,7.37
2023-08-03,3.9,6.5935,28.93,88.13,4.34
2023-08-04,3.2911,6.4363,28.71,87.46,4.06
2023-08-05,3.3415,6.6178,28.42,87.58,4.06
2023-08-06,1.7892,6.7814,28.02,91.17,4.82
2023-08-07,1.5098,7.0488,28.02,91.84,5.35
2023-08-08,2.4134,6.6696,28.09,89.71,4.69
2023-08-09,4.6678,6.1898,27.84,91.33,3.05
2023-08-10,4.1054,5.8812,28.59,86.56,2.39
2023-08-11,3.8323,5.7444,28.66,88.06,2.14
2023-08-12,3.5129,5.6537,27.67,91.92,3.13
2023-08-13,2.1456,6.169,28.11,87.44,2.37
2023-08-14,4.3447,6.7939,28.93,84.15,1.34
2023-08-15,4.4479,5.8829,28.74,88.13,2.25
2023-08-16,3.8446,5.742,28.98,87.44,1.51
2023-08-17,5.6453,6.702,28.37,89.89,1.98
2023-08-18,5.1847,6.954,28.42,89.23,4.54
2023-08-19,5.2039,6.7834,28.7,89.15,3.53
2023-08-20,5.8128,6.6677,28.77,87.56,2.82
2023-08-21,5.195,6.5671,28.27,88.9,2.66
2023-08-22,3.199,6.2712,28.46,90.76,3.47
2023-08-23,2.7322,6.445,28.57,90.55,2.79
2023-08-24,3.5086,6.336,28.32,92.64,2.34
2023-08-25,1.385,6.0262,28.04,92.03,3.06
2023-08-26,2.1067,5.2742,27.68,92.88,3.67
2023-08-27,5.1977,6.0341,28.33,90.71,3.17
2023-08-28,5.0618,5.9045,29.54,83.79,2.11
2023-08-29,5.5848,5.9383,29.99,77.11,1.11
2023-08-30,5.3453,6.055,30.44,76.05,1.02
2023-08-31,5.1295,5.9208,29.98,80.84,1.09
2023-09-01,3.8671,5.2596,29.16,87.86,1.88
2023-09-02,4.08,5.4307,29.23,86.92,1.27
2023-09-03,4.8233,6.2813,28.94,88.42,1.59
2023-09-04,4.7834,6.6367,27.65,91.89,3.06
2023-09-05,5.3551,6.5318,28.68,88.81,2.71
2023-09-06,5.0743,6.5405,28.14,92.36,2.81
2023-09-07,4.1062,6.6862,28.04,93.16,4.18
2023-09-08,3.1018,6.3168,27.71,94.43,3.47
2023-09-09,5.4091,6.2455,28.48,89.21,2.51
2023-09-10,5.5058,6.1812,28.95,87.21,2.01
2023-09-11,4.6723,6.1939,28.92,86.93,1.74
2023-09-12,4.3711,6.3262,28.86,87.78,1.86
2023-09-13,5.2198,6.4529,27.64,92.54,4.29
2023-09-14,4.3632,6.5028,28.2,91.74,5.87
2023-09-15,4.3646,6.3744,27.67,93.37,3.41
2023-09-16,5.7053,6.2827,28.63,88.61,2.34
2023-09-17,5.4787,6.1361,29.65,83.24,1.42
2023-09-18,4.0877,6.1562,27.87,91.66,2.15
2023-09-19,3.42,6.3475,27.5,92.3,4.7
2023-09-20,2.669,6.2909,27.58,93.5,4.17
2023-09-21,2.3626,6.0338,27.47,94.65,4.34
2023-09-22,2.6966,5.9693,27.51,93.46,3.54
2023-09-23,2.6779,6.1198,27.86,92.39,3.4
2023-09-24,2.8726,5.8608,27.88,92.2,2.76
2023-09-25,4.0656,5.9762,27.81,90.84,2.1
2023-09-26,5.4264,5.9962,28.55,86.43,1.52
2023-09-27,5.2466,5.825,28.47,86.7,1.27
2023-09-28,5.4108,5.91,28.59,87.23,1.87
2023-09-29,2.7086,6.0413,28.27,92.38,1.93
2023-09-30,3.8863,6.1306,27.31,94.35,4.51
2023-10-01,4.3255,6.091,27.57,90.96,3.96
2023-10-02,4.1971,5.9467,27.41,91.94,2.84
2023-10-03,2.9954,5.8073,27.41,92.48,3.74
2023-10-04,1.4695,5.8908,27.49,94.88,4.54
2023-10-05,0.8626,5.4442,27.19,94.85,4.8
2023-10-06,2.7394,5.1257,27.52,92.23,4.2
2023-10-07,3.4774,5.0597,28.06,90.66,2.7
2023-10-08,4.7083,5.1398,28.41,87.55,1.89
2023-10-09,4.0918,4.9368,28.41,87.99,2.07
2023-10-10,4.3416,4.8161,28.69,78.88,1.21
2023-10-11,4.361,4.7395,28.44,79.78,1.41
2023-10-12,4.6706,4.7825,28.49,74.96,1.3
2023-10-13,4.8185,5.0914,28.06,69.19,1.2
2023-10-14,5.0042,5.1286,27.19,68.07,1.43
2023-10-15,5.0069,5.0568,26.98,71.52,1.3
2023-10-16,5.2202,5.2385,26.69,71.88,1.39
2023-10-17,5.1967,5.2814,26.78,74.28,1.2
2023-10-18,4.763,4.8408,26.32,81.05,1.79
2023-10-19,4.999,5.07,25.32,83.92,2.23
2023-10-20,5.345,5.3582,24.71,84.19,2.34
2023-10-21,5.275,5.3602,24.3,83.92,2.53
2023-10-22,3.9113,5.2982,25.33,82.14,2.02
2023-10-23,3.0566,5.0378,25.45,86.16,1.57
2023-10-24,3.7164,5.0834,25.13,89.63,3.28
2023-10-25,4.5979,5.1295,25.91,85.98,2.08
2023-10-26,4.9634,5.1221,25.9,82.44,1.57
2023-10-27,4.7743,5.0532,25.02,82.66,1.93
2023-10-28,4.6994,4.9246,24.56,80.46,2.2
2023-10-29,4.7513,4.8283,23.51,77.73,2.2
2023-10-30,4.848,5.0201,24.26,76.83,1.94
2023-10-31,5.0971,5.1058,25.02,72.98,1.33
2023-11-01,5.1864,5.189,24.8,80.96,2.26
2023-11-02,5.0194,5.04,25.24,83.26,2.07
2023-11-03,3.8016,4.2754,25.64,79.25,1.71
2023-11-04,3.4836,3.7915,26.08,75.04,1.23
2023-11-05,3.3067,3.8954,24.76,83.68,2.15
2023-11-06,4.4587,4.4707,23.45,80.23,2.55
2023-11-07,3.8839,4.4143,22.48,77.19,2.35
2023-11-08,4.1407,4.171,22.41,77.18,2.05
2023-11-09,4.2578,4.2686,22.39,75.5,2.0
2023-11-10,4.5,4.5007,22.28,78.89,2.25
2023-11-11,4.5581,4.5588,22.07,83.7,2.57
2023-11-12,4.5869,4.5931,22.27,84.02,2.66
2023-11-13,4.7796,4.7978,22.31,84.13,2.64
2023-11-14,4.6512,4.884,22.56,78.89,2.29
2023-11-15,4.1446,4.6099,22.93,75.11,1.91
2023-11-16,1.7395,4.405,23.2,85.81,2.45
2023-11-17,2.1473,4.595,23.42,91.94,4.77
2023-11-18,3.2282,4.5607,23.4,85.58,2.29
2023-11-19,4.4458,4.6291,23.27,82.55,2.07
2023-11-20,4.2283,4.5329,22.77,82.92,2.17
2023-11-21,3.9442,4.285,23.43,80.64,2.2
2023-11-22,3.7622,3.7738,21.01,80.46,2.47
2023-11-23,3.6773,3.689,20.03,80.15,2.37
2023-11-24,3.9269,4.0766,20.66,78.45,2.14
2023-11-25,4.224,4.4117,21.1,81.41,2.5
2023-11-26,4.6572,4.6694,21.72,77.38,2.02
2023-11-27,4.152,4.5286,21.55,76.24,1.56
2023-11-28,4.1894,4.2173,22.16,77.57,1.93
2023-11-29,2.6741,3.6672,22.33,74.22,1.53
2023-11-30,4.2038,4.2281,22.4,78.99,1.92
2023-12-01,4.3781,4.3889,21.9,82.79,2.76
2023-12-02,3.8266,4.0428,22.45,81.44,2.42
2023-12-03,3.6634,4.1714,22.6,83.22,2.42
2023-12-04,3.1697,4.1501,22.52,81.68,2.43
2023-12-05,1.3759,4.1362,22.2,82.47,1.61
2023-12-06,1.4299,3.8004,21.05,89.69,2.47
2023-12-07,0.7198,3.9192,20.64,93.18,3.18
2023-12-08,1.7249,3.9569,20.4,91.53,2.73
2023-12-09,3.4932,3.9384,19.36,86.73,2.96
2023-12-10,2.8073,3.0622,18.35,77.02,2.17
2023-12-11,3.2866,3.2995,17.06,77.36,2.61
2023-12-12,3.493,3.7142,17.39,79.41,2.39
2023-12-13,3.6564,3.7397,17.39,71.68,2.48
2023-12-14,3.5494,3.6043,16.53,69.84,2.22
2023-12-15,3.5174,3.5251,15.92,77.21,2.57
2023-12-16,3.737,3.7385,15.96,78.31,2.6
2023-12-17,3.949,3.9655,16.04,73.35,2.41
2023-12-18,3.8458,3.935,15.93,77.61,2.55
2023-12-19,3.917,3.9754,16.0,79.13,2.9
2023-12-20,4.091,4.1261,16.7,84.98,2.9
2023-12-21,3.864,4.0394,18.0,82.31,2.33
2023-12-22,3.619,3.8558,18.97,79.27,1.53
2023-12-23,2.611,3.709,19.96,74.63,1.06
2023-12-24,3.0775,3.6914,19.07,80.48,1.86
2023-12-25,3.1704,3.3127,19.08,79.29,1.87
2023-12-26,3.0307,3.1399,19.23,78.49,1.79
2023-12-27,3.2921,3.3823,18.73,82.89,2.21
2023-12-28,3.7159,3.7754,18.89,83.12,2.23
2023-12-29,4.1314,4.1592,18.87,84.48,2.64
2023-12-30,4.1388,4.1954,18.56,83.6,3.04
2023-12-31,2.1758,3.8988,17.54,82.4,3.06
2024-01-01,2.957,3.8338,17.04,79.27,2.48
2024-01-02,3.5914,3.8446,15.9,80.1,2.63
2024-01-03,2.7854,3.9612,16.03,78.18,2.62
2024-01-04,3.7613,3.8302,17.02,74.97,2.22
2024-01-05,3.8038,3.8182,17.29,76.99,2.31
2024-01-06,3.4702,3.6247,18.21,76.99,2.57
2024-01-07,3.5328,3.5369,18.23,82.77,2.85
2024-01-08,2.9419,3.558,18.23,81.23,2.88
2024-01-09,2.7379,3.6353,16.88,76.53,2.87
2024-01-10,3.3689,3.6413,17.21,67.34,2.15
2024-01-11,2.9674,3.4183,17.34,78.31,2.87
2024-01-12,1.1762,2.9198,14.22,74.95,2.91
2024-01-13,3.3907,3.7937,14.63,76.88,2.66
2024-01-14,1.4215,3.9948,14.77,75.95,2.12
2024-01-15,1.4422,3.8717,15.6,75.19,1.75
2024-01-16,2.6779,3.7068,15.63,73.39,1.62
2024-01-17,1.7407,3.3979,15.46,78.07,1.95
2024-01-18,1.9092,3.0667,16.57,78.16,1.39
2024-01-19,3.397,3.5885,17.38,81.01,2.35
2024-01-20,2.9095,4.0298,15.75,76.63,2.8
2024-01-21,2.9273,3.3595,15.26,73.42,2.57
2024-01-22,2.1074,3.0607,13.9,69.7,2.96
2024-01-23,3.7332,3.8138,15.44,62.37,1.86
2024-01-24,2.7497,3.601,15.61,71.21,1.23
2024-01-25,2.5246,3.4913,16.1,75.82,1.72
2024-01-26,3.582,3.6511,15.37,69.44,2.89
2024-01-27,3.7622,3.9775,15.03,64.49,2.65
2024-01-28,4.1566,4.2751,15.48,62.37,2.47
2024-01-29,4.0337,4.2007,17.1,58.2,1.82
2024-01-30,3.5165,3.6888,18.55,62.14,1.42
2024-01-31,2.5409,2.9345,20.05,74.53,1.31
2024-02-01,1.59,2.8294,20.61,74.18,1.23
2024-02-02,2.4098,2.7168,19.95,77.23,2.55
2024-02-03,4.4671,4.4801,19.27,68.84,3.03
2024-02-04,4.8922,4.902,19.43,59.8,2.16
2024-02-05,3.9593,4.7035,20.71,59.73,1.79
2024-02-06,2.1034,3.4627,21.91,69.95,1.85
2024-02-07,3.9238,4.3238,20.55,73.46,2.52
2024-02-08,4.957,5.015,18.36,54.47,2.54
2024-02-09,5.0009,5.0198,16.44,60.78,2.96
2024-02-10,4.8948,4.9082,17.07,61.72,2.83
2024-02-11,4.7966,4.8322,19.31,55.52,2.09
2024-02-12,4.3853,4.6649,20.98,53.93,1.78
2024-02-13,3.516,4.5346,22.61,54.05,1.39
2024-02-14,3.5827,4.0918,22.98,62.3,1.36
2024-02-15,3.8256,4.0015,23.16,67.45,1.65
2024-02-16,4.4071,4.411,21.99,71.73,2.75
2024-02-17,4.9022,4.9102,21.76,55.95,2.14
2024-02-18,4.4196,4.5245,21.93,47.88,1.39
2024-02-19,3.9034,4.5228,22.33,58.03,1.63
2024-02-20,2.6186,3.5381,23.68,70.5,2.76
2024-02-21,4.2247,4.4414,25.7,66.39,2.45
2024-02-22,2.4751,4.0673,25.55,71.05,2.67
2024-02-23,3.619,4.7544,22.66,75.95,2.45
2024-02-24,4.4803,5.0609,22.39,71.07,2.27
2024-02-25,2.9537,4.5514,21.31,63.84,3.22
2024-02-26,5.2553,5.2591,21.2,63.2,2.87
2024-02-27,4.6901,5.1653,22.63,58.66,2.5
2024-02-28,4.662,4.7143,23.78,58.24,2.3
2024-02-29,5.2915,5.2975,23.63,55.64,2.12
2024-03-01,5.7559,5.7602,22.88,52.12,2.3
2024-03-02,5.6489,5.6556,23.54,49.97,1.9
2024-03-03,4.8504,4.9951,24.59,53.34,2.13
2024-03-04,3.5642,5.0035,24.71,56.83,1.94
2024-03-05,5.7617,5.772,24.84,63.51,2.97
2024-03-06,6.2894,6.305,23.8,41.3,2.62
2024-03-07,4.7866,6.0732,23.89,42.21,2.32
2024-03-08,6.1058,6.1133,24.18,44.79,2.39
2024-03-09,6.5088,6.522,23.21,42.25,2.95
2024-03-10,6.4589,6.4675,22.76,39.2,2.39
2024-03-11,6.2316,6.2462,24.11,36.37,1.96
2024-03-12,5.3292,5.5649,26.08,45.58,2.5
2024-03-13,5.4053,5.5567,27.4,63.23,2.54
2024-03-14,3.3571,4.837,27.83,69.53,2.18
2024-03-15,5.2507,5.3266,28.14,64.47,1.62
2024-03-16,5.0659,5.3323,28.09,66.23,1.72
2024-03-17,5.2226,5.5015,28.12,61.95,2.03
2024-03-18,3.1565,4.8866,28.29,57.94,1.09
2024-03-19,3.8309,4.9572,27.68,59.98,2.08
2024-03-20,1.4323,5.1768,23.9,73.44,1.62
2024-03-21,4.8458,5.8541,24.24,68.3,1.27
2024-03-22,5.2483,5.8368,24.52,61.5,1.69
2024-03-23,5.8106,5.8337,26.43,56.68,2.19
2024-03-24,4.8374,5.7564,28.01,64.47,2.98
2024-03-25,4.4052,5.2774,28.06,63.19,2.17
2024-03-26,5.7974,5.9083,28.57,64.66,2.45
2024-03-27,4.1882,5.7701,28.91,62.61,1.73
2024-03-28,4.4479,5.5682,28.63,58.92,2.03
2024-03-29,3.5609,5.0071,29.35,64.17,2.02
2024-03-30,4.0212,4.8194,30.41,66.51,2.64
2024-03-31,5.8241,6.0178,30.85,64.7,3.36
2024-04-01,6.4474,6.5136,30.95,57.99,3.21
2024-04-02,6.5599,6.6559,30.99,55.41,2.34
2024-04-03,6.6067,6.7169,30.86,53.14,2.9
2024-04-04,6.1668,6.2419,31.74,58.89,3.4
2024-04-05,4.5262,5.2615,32.29,56.68,2.75
2024-04-06,6.1982,6.306,32.87,53.32,2.56
2024-04-07,2.6534,5.5025,32.48,55.84,2.64
2024-04-08,2.1175,5.5807,31.47,41.09,4.01
2024-04-09,5.2073,6.275,31.35,38.44,2.21
2024-04-10,3.7841,5.923,30.64,38.71,2.17
2024-04-11,3.4834,5.5502,31.13,38.84,1.71
2024-04-12,5.6311,6.1001,31.8,36.27,1.73
2024-04-13,5.8438,6.138,31.68,38.7,1.71
2024-04-14,5.6489,5.9078,32.79,36.7,1.63
2024-04-15,5.3789,5.4204,33.43,39.62,1.99
2024-04-16,5.2714,5.6273,34.16,44.48,3.22
2024-04-17,5.3422,6.2158,34.22,50.16,3.45
2024-04-18,6.114,6.5652,33.97,46.23,2.39
2024-04-19,6.893,6.9127,34.1,47.26,4.65
2024-04-20,7.2667,7.2713,35.31,43.91,5.05
2024-04-21,6.883,6.9696,35.23,47.32,3.56
2024-04-22,6.031,6.8878,35.48,39.62,2.84
2024-04-23,5.8882,6.3377,34.64,30.81,2.89
2024-04-24,6.2491,6.5626,35.27,37.6,3.57
2024-04-25,6.6019,6.787,35.73,35.81,2.49
2024-04-26,6.5254,6.701,35.19,43.12,3.53
2024-04-27,6.1874,6.6888,35.61,43.9,3.29
2024-04-28,6.1862,6.4889,36.03,45.86,3.84
2024-04-29,6.8897,6.9094,36.31,39.77,3.24
2024-04-30,6.7356,6.7644,37.23,38.47,4.53
2024-05-01,6.7711,7.0051,36.76,38.92,2.68
2024-05-02,6.4181,6.5988,35.84,38.91,3.74
2024-05-03,7.1856,7.273,34.87,34.49,1.72
2024-05-04,6.047,6.7459,33.82,49.13,3.72
2024-05-05,6.1296,6.7363,34.12,53.55,5.52
2024-05-06,4.1345,6.0919,31.61,68.44,5.12
2024-05-07,5.8111,6.4826,30.03,66.97,2.44
2024-05-08,5.1518,6.5299,27.52,79.6,1.74
2024-05-09,5.0419,6.4301,28.33,72.96,1.35
2024-05-10,6.0014,6.2959,28.31,76.33,1.78
2024-05-11,4.4462,6.1673,28.51,79.87,2.41
2024-05-12,5.3371,6.0576,28.66,79.18,1.97
2024-05-13,6.1656,6.637,29.12,77.29,1.6
2024-05-14,6.4104,6.811,29.98,73.33,1.72
2024-05-15,6.3905,6.6742,29.61,75.38,2.17
2024-05-16,5.9741,6.4589,30.3,73.31,1.98
2024-05-17,5.3222,5.7466,30.89,69.82,3.02
2024-05-18,3.3934,5.9366,31.35,72.99,3.02
2024-05-19,4.0022,5.4648,31.49,70.83,3.06
2024-05-20,3.5213,6.2532,31.0,71.74,2.13
2024-05-21,5.5399,6.1642,30.82,73.16,1.35
2024-05-22,5.075,6.269,30.99,73.59,1.81
2024-05-23,6.725,6.845,31.73,68.69,1.72
2024-05-24,7.1474,7.2274,32.55,67.16,2.35
2024-05-25,6.9826,7.4352,32.38,69.8,2.65
2024-05-26,3.4942,7.5926,29.41,85.61,8.51
2024-05-27,0.9271,6.6766,28.45,90.83,12.82
2024-05-28,5.4715,6.7906,29.57,84.31,4.9
2024-05-29,4.1952,5.8063,30.54,87.02,5.07
2024-05-30,4.7489,5.9614,30.49,85.13,5.24
2024-05-31,3.0763,6.2666,29.9,85.88,3.7
2024-06-01,5.945,6.5983,29.97,83.39,3.51
2024-06-02,5.2382,6.3098,30.0,83.67,4.1
2024-06-03,5.5126,6.1884,29.2,86.54,3.62
2024-06-04,5.0738,6.1543,29.56,86.44,3.26
2024-06-05,6.1361,6.4867,30.1,82.98,2.33
2024-06-06,4.9553,5.9945,30.02,85.49,2.25
2024-06-07,5.5123,6.1457,30.38,83.19,2.75
2024-06-08,5.3616,5.9952,30.75,81.53,4.16
2024-06-09,4.7743,5.8541,30.15,86.36,3.63
2024-06-10,4.8295,5.7533,29.59,89.17,3.29
2024-06-11,5.6784,6.0065,29.15,88.69,3.94
2024-06-12,4.794,5.7811,29.67,82.02,3.79
2024-06-13,3.8357,4.9982,29.9,84.99,4.36
2024-06-14,4.8542,6.2345,30.19,86.68,4.37
2024-06-15,4.0289,5.6318,30.19,86.5,4.51
2024-06-16,4.0783,5.837,30.71,82.78,3.94
2024-06-17,4.0361,6.0679,29.75,86.2,4.47
2024-06-18,2.8867,6.0401,30.26,84.99,5.78
2024-06-19,1.813,5.8536,28.81,91.19,4.79
2024-06-20,2.7254,6.1063,29.18,85.89,3.38
2024-06-21,4.741,6.5609,29.35,84.73,1.51
2024-06-22,4.3608,7.0392,29.55,83.23,2.17
2024-06-23,6.024,7.0339,29.94,82.03,2.34
2024-06-24,6.1277,7.0805,29.2,85.96,2.59
2024-06-25,6.4049,7.0289,29.75,83.88,2.8
2024-06-26,5.093,7.1371,30.12,82.39,2.49
2024-06-27,4.8682,7.2662,28.91,88.72,4.02
2024-06-28,4.0627,7.3853,29.69,85.22,4.49
2024-06-29,3.6576,7.3277,29.01,89.38,3.54
2024-06-30,2.472,7.2463,28.8,91.71,3.8
2024-07-01,2.46,6.9588,28.22,91.72,5.11
2024-07-02,2.641,6.8018,28.53,89.29,4.7
2024-07-03,2.7677,7.2144,28.15,89.94,4.59
2024-07-04,3.5239,7.3049,28.28,92.05,4.73
2024-07-05,2.6484,6.9749,29.0,88.49,4.44
2024-07-06,3.2801,7.0358,28.97,88.38,3.08
2024-07-07,5.1214,7.2247,28.91,87.5,2.45
2024-07-08,5.4718,6.9562,28.78,86.62,3.11
2024-07-09,4.637,7.0409,29.38,86.55,3.29
2024-07-10,5.5066,6.99,29.3,86.53,3.99
2024-07-11,3.4435,6.8794,29.06,89.46,4.43
2024-07-12,2.6806,6.9007,28.68,88.83,3.87
2024-07-13,5.2368,6.9228,29.26,84.78,2.16
2024-07-14,5.8409,7.1042,29.37,86.41,3.02
2024-07-15,5.4382,7.2595,29.04,88.34,4.66
2024-07-16,4.5684,7.1436,29.25,89.96,3.94
2024-07-17,5.665,7.2055,29.25,88.14,3.12
2024-07-18,6.2246,6.9965,29.54,87.5,3.51
2024-07-19,6.0787,7.1626,29.56,86.91,5.73
2024-07-20,5.118,7.2295,29.32,85.84,5.78
2024-07-21,5.2135,7.2739,28.86,88.42,5.44
2024-07-22,4.1978,7.2602,28.7,89.9,5.04
2024-07-23,5.1353,7.2727,29.26,86.82,4.24
2024-07-24,4.2898,7.133,29.48,87.22,3.64
2024-07-25,5.676,7.1621,29.71,86.63,2.49
2024-07-26,5.9352,7.3454,29.8,86.94,4.97
2024-07-27,5.0537,7.2547,29.06,89.23,6.0
2024-07-28,5.3796,7.1582,29.53,86.65,3.73
2024-07-29,4.9229,7.1237,29.75,87.88,3.79
2024-07-30,3.9115,6.8969,28.8,91.08,3.82
2024-07-31,4.5427,7.0241,28.34,94.0,2.65
2024-08-01,2.4746,7.3502,27.73,93.55,3.97
2024-08-02,2.0494,7.2926,27.69,93.45,5.89
2024-08-03,2.0431,6.9144,27.71,93.18,5.14
2024-08-04,4.4316,6.8796,28.51,88.56,3.48
2024-08-05,2.9868,6.7774,28.75,88.53,2.83
2024-08-06,5.0993,6.6756,28.42,91.52,3.17
2024-08-07,5.2812,6.847,28.0,92.5,4.49
2024-08-08,4.7066,6.551,27.85,91.42,3.58
2024-08-09,4.1033,6.774,27.95,92.17,3.38
2024-08-10,4.5127,6.8021,28.87,89.49,3.27
2024-08-11,2.7912,6.1584,28.58,91.22,2.67
2024-08-12,3.9842,6.1942,28.65,91.04,2.8
2024-08-13,4.2034,6.473,29.35,89.4,2.21
2024-08-14,5.0755,6.6182,28.65,91.76,2.53
2024-08-15,5.172,6.6408,28.76,90.2,2.79
2024-08-16,4.3344,6.8273,28.28,92.28,2.03
2024-08-17,5.4211,6.7646,27.83,91.55,3.05
2024-08-18,2.2286,6.9595,27.85,94.4,4.18
2024-08-19,2.8932,6.9718,27.6,94.76,2.65
2024-08-20,4.3066,6.5885,28.34,92.0,3.6
2024-08-21,2.9887,6.3437,28.16,95.34,4.0
2024-08-22,2.5524,6.4968,28.07,93.68,3.73
2024-08-23,3.9024,6.6626,27.76,93.04,2.54
2024-08-24,4.686,6.6204,27.08,94.13,3.08
2024-08-25,2.448,6.8306,27.08,92.29,2.23
2024-08-26,2.449,6.8198,26.89,94.38,3.91
2024-08-27,3.5731,6.84,26.95,92.24,2.52
2024-08-28,5.2476,6.8314,27.6,90.2,2.13
2024-08-29,6.3696,6.7138,27.98,89.18,2.26
2024-08-30,5.6004,6.5316,27.85,89.65,2.29
2024-08-31,5.3014,6.6449,28.25,91.04,3.16
2024-09-01,4.0706,6.5002,27.96,91.71,2.8
2024-09-02,5.4108,6.6379,28.3,88.73,1.9
2024-09-03,3.5172,6.4238,28.7,87.36,1.68
2024-09-04,5.039,6.3494,28.19,89.63,2.04
2024-09-05,5.2447,6.3139,28.1,89.87,1.95
2024-09-06,4.7765,6.5316,29.08,82.95,1.6
2024-09-07,5.6623,6.5734,28.11,90.5,2.44
2024-09-08,5.7293,6.5146,28.56,90.82,3.28
2024-09-09,5.2726,6.5134,28.44,92.03,4.31
2024-09-10,4.8365,6.4942,28.6,91.15,3.72
2024-09-11,5.1134,6.4651,28.72,92.39,2.06
2024-09-12,4.1381,6.5194,29.28,88.24,1.97
2024-09-13,4.5168,6.3475,28.42,92.89,3.47
2024-09-14,1.7275,6.6437,27.13,94.88,8.24
2024-09-15,1.1004,6.1824,26.79,95.05,8.65
2024-09-16,1.506,5.9398,27.18,93.91,6.66
2024-09-17,5.3765,6.0816,28.12,89.3,2.74
2024-09-18,5.4754,5.9201,28.97,83.77,1.14
2024-09-19,5.6971,5.9822,28.77,88.19,2.25
2024-09-20,6.0343,6.0761,29.57,87.49,1.93
2024-09-21,4.5708,5.4898,29.15,88.73,1.79
2024-09-22,5.8214,6.1514,29.33,88.0,2.02
2024-09-23,4.2197,6.1217,29.1,91.79,1.72
2024-09-24,4.3198,6.0053,27.89,93.17,3.25
2024-09-25,2.0628,6.1387,27.12,94.0,3.96
2024-09-26,2.0088,6.1006,26.99,95.1,3.43
2024-09-27,4.0118,6.0252,27.44,92.13,3.22
2024-09-28,4.7906,6.0917,28.04,90.66,2.82
2024-09-29,4.0829,5.5716,28.66,89.89,2.77
2024-09-30,3.4414,5.3546,28.76,90.01,2.52
2024-10-01,3.0684,5.226,29.04,89.78,1.62
2024-10-02,3.5546,5.4276,28.76,88.51,1.61
2024-10-03,1.5317,5.4655,27.28,92.33,2.44
2024-10-04,2.2044,4.9478,27.13,92.9,2.99
2024-10-05,2.3844,4.3891,27.28,93.05,2.76
2024-10-06,3.2604,5.22,27.4,90.6,2.19
2024-10-07,4.4926,5.5406,27.52,88.02,1.41
2024-10-08,4.265,5.3052,27.55,88.01,1.48
2024-10-09,3.4661,4.6464,27.46,88.26,1.69
2024-10-10,3.6442,4.4882,27.2,91.08,2.32
2024-10-11,3.6809,4.4642,27.61,89.99,2.56
2024-10-12,3.4447,4.4342,28.27,86.18,1.74
2024-10-13,4.3898,4.65,27.82,85.36,1.6
2024-10-14,4.3666,4.8559,27.03,84.17,1.87
2024-10-15,3.9396,4.6332,27.77,79.62,0.98
2024-10-16,3.5964,4.6642,27.63,81.83,1.02
2024-10-17,2.4624,4.1446,28.12,83.75,1.41
2024-10-18,2.1768,3.7699,27.59,86.97,1.69
2024-10-19,3.0526,3.7068,27.59,86.92,1.35
2024-10-20,4.416,4.5146,25.96,86.55,2.28
2024-10-21,4.4654,5.0155,25.19,86.8,2.42
2024-10-22,5.0412,5.129,26.27,84.62,1.91
2024-10-23,2.1943,5.0246,26.54,91.12,2.45
2024-10-24,1.3174,5.0558,25.57,93.79,6.23
2024-10-25,1.3183,4.7798,26.9,91.12,5.3
2024-10-26,3.8434,4.8502,27.11,90.95,3.27
2024-10-27,4.7688,4.8554,27.07,85.55,1.41
2024-10-28,4.8221,4.9474,27.53,82.79,1.08
2024-10-29,4.6426,4.842,27.38,83.04,1.1
2024-10-30,4.3697,4.8173,27.01,87.22,1.84
2024-10-31,3.6283,4.6349,27.13,88.72,2.04
2024-11-01,3.7908,3.9679,26.65,87.13,2.26
2024-11-02,4.0025,4.177,25.41,83.01,1.92
2024-11-03,3.929,4.3687,25.83,75.21,0.99
2024-11-04,4.2689,4.2816,25.33,79.21,1.34
2024-11-05,3.9485,4.397,25.19,84.07,2.13
2024-11-06,4.5996,4.6505,25.39,84.63,1.71
2024-11-07,4.5178,4.7885,24.58,86.61,2.22
2024-11-08,4.9961,5.0232,24.24,84.08,2.26
2024-11-09,4.9939,5.0443,24.22,83.9,2.23
2024-11-10,4.9634,5.0088,23.76,82.17,2.18
2024-11-11,4.6109,4.8454,23.76,81.53,2.02
2024-11-12,4.3649,4.71,24.04,81.7,2.14
2024-11-13,4.524,4.5842,22.79,81.84,2.51
2024-11-14,4.278,4.3639,22.33,84.69,2.58
2024-11-15,4.2082,4.2391,21.77,83.29,2.35
2024-11-16,4.0822,4.0848,21.13,82.21,2.44
2024-11-17,4.0483,4.0526,20.97,73.9,1.64
2024-11-18,4.4153,4.4292,21.35,71.69,1.2
2024-11-19,4.6882,4.7275,20.83,72.5,1.59
2024-11-20,4.5768,4.6034,20.6,73.24,1.48
2024-11-21,4.2324,4.375,21.35,73.0,1.48
2024-11-22,4.0466,4.157,21.54,71.88,1.58
2024-11-23,3.7097,3.9566,21.46,80.67,1.91
2024-11-24,3.6382,3.7867,20.04,82.77,2.28
2024-11-25,3.5105,3.7373,19.61,77.84,2.27
2024-11-26,3.7726,3.8671,19.47,80.41,2.13
2024-11-27,4.0226,4.187,20.33,81.9,2.02
2024-11-28,4.0524,4.253,20.79,82.92,2.17
2024-11-29,3.642,4.3373,21.5,81.83,2.16
2024-11-30,2.2082,4.3572,21.59,83.26,2.3
2024-12-01,3.8086,4.1443,20.27,82.51,2.48
2024-12-02,2.9606,3.9017,20.09,81.33,2.4
2024-12-03,4.0222,4.0666,20.18,80.66,2.65
2024-12-04,3.8273,3.8407,19.64,76.25,2.01
2024-12-05,3.4178,3.4296,19.97,70.6,1.9
2024-12-06,3.7776,3.7795,18.44,72.86,2.48
2024-12-07,3.773,3.7783,18.05,72.29,2.34
2024-12-08,3.8537,3.8674,17.92,71.06,2.07
2024-12-09,2.2822,3.5006,17.48,79.09,1.79
2024-12-10,3.1483,3.3406,18.77,82.91,2.22
2024-12-11,2.9467,3.3636,16.61,82.32,3.04
2024-12-12,1.8739,3.4589,15.47,84.22,3.0
2024-12-13,3.5006,3.6127,15.78,84.82,2.88
2024-12-14,3.8789,3.8971,15.38,81.23,2.96
2024-12-15,4.3118,4.3322,15.85,82.7,2.7
2024-12-16,4.3056,4.3702,17.02,76.71,1.63
2024-12-17,3.9379,4.0711,18.08,77.44,1.97
2024-12-18,3.5218,3.8532,17.51,75.81,2.36
2024-12-19,3.5974,3.9629,17.9,77.95,2.22
2024-12-20,3.2532,3.8549,17.79,79.15,2.16
2024-12-21,1.668,3.659,17.1,84.87,2.16
2024-12-22,3.4584,3.7488,17.2,83.24,2.66
2024-12-23,3.9497,3.9754,16.99,80.49,2.76
2024-12-24,3.905,3.9269,18.04,77.13,2.05
2024-12-25,3.1738,3.6926,17.67,75.73,2.23
2024-12-26,3.5554,3.5585,18.62,78.89,2.91
2024-12-27,3.9156,3.9173,18.24,82.13,3.2
2024-12-28,4.1242,4.1302,18.55,77.44,2.29
2024-12-29,3.703,3.7097,19.64,76.98,2.28
2024-12-30,3.6665,3.7704,20.03,80.4,2.27
2024-12-31,3.4274,3.6089,17.21,78.71,3.3
