Date,GHI_Satellite,ClearSky_GHI,Ambient_Temp,Humidity,Wind_Speed,PlantA_E_solar,PlantB_E_solar,PlantA_E_biogas,PlantB_E_biogas
2023-01-01,3.0077,3.3367,17.16,76.93,2.38,4.653032208,23.26516104,5.62730925198817,22.530240740047766
2023-01-02,3.2676,3.3418,17.21,76.45,2.59,5.054127624,25.270638120000005,5.823420006945566,23.512299096116905
2023-01-03,1.5967,3.6482,16.71,76.99,2.79,2.474469858,12.372349290000002,5.732064756406345,23.787258827353952
2023-01-04,1.1642,3.5674,15.45,77.22,3.06,1.8130086599999997,9.065043300000001,5.178208491127238,22.68400949899492
2023-01-05,2.7022,3.5978,15.23,75.65,3.32,4.2117029640000005,21.05851482,6.165801134957556,22.938469415347345
2023-01-06,2.6062,3.7978,15.1,72.13,3.56,4.06410828,20.3205414,5.741925996738323,24.82074756615471
2023-01-07,1.5994,4.1333,15.13,73.23,3.15,2.493816468,12.46908234,5.329689029029414,22.67531829965012
2023-01-08,3.3372,4.26,15.8,74.05,2.79,5.19001344,25.9500672,5.802629565254349,21.641654696906237
2023-01-09,4.2084,4.23,16.98,71.89,2.88,6.515108208,32.575541040000005,5.985465911375682,24.772293473931875
2023-01-10,4.261,4.2634,17.58,63.59,2.84,6.58119972,32.9059986,6.854102929959735,23.197038749393826
2023-01-11,3.8954,3.9125,16.21,62.86,2.6,6.048543396,30.24271698,4.957773076286659,24.36956800181974
2023-01-12,3.5167,3.9122,17.22,57.88,1.84,5.439209556000001,27.19604778,5.656238457690262,23.50890843764911
2023-01-13,3.5158,3.5558,18.82,56.77,1.36,5.4040658640000006,27.020329320000002,4.946633328036272,21.996007235726132
2023-01-14,1.6404,2.6933,20.05,71.06,1.76,2.5093198800000005,12.546599400000002,5.013949759947025,23.48870156621162
2023-01-15,3.1932,3.4954,19.53,68.58,2.24,4.894600823999999,24.47300412,5.551027452534356,24.159743571855977
2023-01-16,2.7626,3.0718,18.06,71.39,2.12,4.258934664000001,21.294673319999998,6.04566603808925,23.778016532604042
2023-01-17,2.951,3.3979,17.38,74.41,2.19,4.56141972,22.807098600000003,6.053865323763797,25.99198888774354
2023-01-18,2.9028,3.0806,16.68,71.13,2.33,4.499107776000001,22.49553888,6.128154890751351,23.457384123295952
2023-01-19,3.5983,3.6245,16.39,63.73,2.67,5.583338178,27.916690890000005,4.906270697945642,21.57839605740421
2023-01-20,3.8986,3.907,16.69,57.36,2.33,6.042284196,30.21142098,6.748755617279693,21.41750973000855
2023-01-21,3.9134,3.9384,18.33,55.2,1.8,6.026714268000001,30.13357134,6.46453148452965,25.27518933095253
2023-01-22,3.6163,3.6838,19.09,59.8,1.88,5.552683998000001,27.76341999,6.273150338684032,23.32357239706327
2023-01-23,3.0912,3.3223,20.14,66.29,1.85,4.726939391999999,23.63469696,6.112162910463796,26.58755320960188
2023-01-24,3.3617,3.4498,21.0,69.63,2.1,5.1232308,25.616154,5.621806267130142,24.893511223854077
2023-01-25,3.2054,3.2952,21.78,62.95,1.6,4.870028327999999,24.35014164,5.525143589174987,24.871661981719253
2023-01-26,2.9726,2.9777,22.48,62.08,1.45,4.503845712,22.519228560000002,6.021343110551912,27.97698322728715
2023-01-27,3.713,3.7152,22.87,63.1,1.87,5.61695214,28.084760700000007,7.249141589244014,29.30246201333196
2023-01-28,3.9434,3.9655,22.1,64.65,2.42,5.98371516,29.9185758,6.45437870127679,26.076295803048087
2023-01-29,4.1822,4.2041,20.46,62.23,2.61,6.387223128,31.93611564,6.178795825636861,27.63033346836182
2023-01-30,4.4537,4.6303,21.77,57.87,1.93,6.766862706,33.83431353,6.719552935009058,26.48857846198726
2023-01-31,3.251,4.2353,22.29,53.89,2.1,4.92936126,24.646806299999998,7.17884447757155,29.283855189306312
2023-02-01,3.2206,4.2641,21.49,56.13,3.57,4.898725836,24.493629180000003,6.693581074447481,26.846404628059634
2023-02-02,4.5787,5.0088,19.38,50.09,3.41,7.022443764000001,35.11221882000001,7.242611895801896,25.712289813790576
2023-02-03,4.853,4.8593,18.89,50.06,3.06,7.45741098,37.2870549,6.662134377944032,27.01525193322488
2023-02-04,4.1854,4.2415,19.24,47.5,2.69,6.422747423999999,32.113737119999996,7.556800439767222,29.38422861460068
2023-02-05,4.2437,4.2545,20.73,44.03,2.02,6.474273593999999,32.371367969999994,6.3568400325536025,26.519254118633906
2023-02-06,4.4146,4.4254,21.69,41.62,1.96,6.709573956,33.54786977999999,7.125592297777361,30.17676198833204
2023-02-07,4.1834,4.5744,21.94,54.76,2.61,6.3519072240000005,31.759536119999996,6.537811298720685,28.699375270575704
2023-02-08,3.8302,4.4892,22.87,59.08,2.99,5.794249956000001,28.971249780000004,7.694157210641766,31.088346862385418
2023-02-09,3.6449,4.0553,22.52,50.34,1.84,5.521586112,27.607930559999996,8.032372061807171,30.470138111588728
2023-02-10,4.7486,4.7866,22.27,42.6,1.94,7.200682068,36.00341034,7.299273228393793,28.901442922720484
2023-02-11,4.3358,4.7256,23.19,53.8,2.68,6.550786788,32.753933939999996,8.043874473708605,29.212338104980436
2023-02-12,4.3126,4.8559,23.69,56.83,3.02,6.502797035999999,32.51398517999999,7.338484035226685,32.40691619756855
2023-02-13,5.819,5.8375,20.54,31.45,3.45,8.884216440000001,44.4210822,6.9225023608951695,29.187425927815706
2023-02-14,5.527,5.5313,21.14,31.73,1.63,8.41850532,42.0925266,7.314553767242868,31.67822415017788
2023-02-15,5.0431,5.1082,20.95,35.19,1.3,7.68719733,38.435986650000004,7.134216564177463,30.824658288477508
2023-02-16,4.6942,4.8017,21.47,50.02,1.68,7.140723156,35.70361578,7.241281846128618,31.713808013209558
2023-02-17,4.6548,4.771,23.03,54.15,1.49,7.037219735999999,35.18609868,7.118802467941648,30.682381539048382
2023-02-18,3.7721,4.3315,23.49,54.28,1.57,5.692325226,28.461626130000003,7.368504565327313,32.68100954953886
2023-02-19,3.4291,3.8177,23.95,57.86,1.64,5.16525333,25.826266649999997,6.965052606210815,30.742483396119795
2023-02-20,3.533,3.5966,24.93,59.06,2.05,5.3009838600000005,26.5049193,8.092787026601378,28.163176575963316
2023-02-21,2.562,3.4939,25.68,63.84,3.22,3.83254704,19.162735199999997,8.683682702712249,32.68980620111076
2023-02-22,4.4952,4.6841,26.71,61.62,3.85,6.696679248,33.48339624,8.573053243577451,34.97778855494176
2023-02-23,5.0683,5.335,26.77,59.09,2.27,7.548624653999999,37.743123270000005,8.706577923297091,29.479683429217886
2023-02-24,4.6942,5.011,26.9,58.99,1.94,6.987786120000001,34.938930600000006,7.979698245647638,32.47208199838136
2023-02-25,4.7191,5.292,26.9,49.37,1.55,7.02485226,35.1242613,8.219518861658125,34.15038007051018
2023-02-26,5.4715,5.5644,26.21,42.05,2.0,8.167526910000001,40.83763455,8.472575307446041,33.3786763982459
2023-02-27,5.2978,5.4456,25.89,39.43,2.05,7.918409748,39.59204873999999,9.094264680746722,33.83665109262623
2023-02-28,5.4233,5.5498,26.43,33.45,2.08,8.088418086,40.44209043000001,8.045314491269808,36.35566581336357
2023-03-01,5.4202,5.5253,26.41,34.54,1.75,8.084445108,40.42222554000001,8.98607786247737,37.28385289805664
2023-03-02,5.3429,5.4782,26.73,37.99,2.18,7.958890698,39.79445349,9.676710560299313,36.16709638398335
2023-03-03,5.687,5.6983,27.85,30.87,2.24,8.4332523,42.166261500000005,9.157010291384985,38.401816666776
2023-03-04,5.5716,5.5769,28.38,31.43,1.46,8.244407952,41.22203976,9.617072206450805,34.00893501913287
2023-03-05,5.537,5.5447,28.81,29.9,2.16,8.17892418,40.89462089999999,9.445016088837313,35.41723402079185
2023-03-06,5.7355,5.8171,28.46,28.46,2.68,8.48418102,42.4209051,9.893106594789607,35.77220369266702
2023-03-07,5.9705,6.0526,28.21,28.46,2.45,8.84075817,44.203790850000004,9.966864703705461,39.16999184397463
2023-03-08,4.8893,5.7607,28.57,30.44,2.21,7.229221194000001,36.14610597,10.024155385445306,36.25080846036521
2023-03-09,5.2092,5.4425,27.88,35.11,2.56,7.7237850240000006,38.61892512,10.240167460312579,37.13648889018105
2023-03-10,3.1097,5.395,26.47,37.22,2.42,4.637122446,23.18561223,9.137096537290331,35.646188046817116
2023-03-11,3.5822,5.1012,28.46,35.93,1.88,5.298933528,26.494667639999996,9.384763329835813,40.06426826026147
2023-03-12,5.3074,5.3467,28.65,35.44,2.2,7.84486794,39.2243397,10.340264456773168,37.99499757693198
2023-03-13,5.6645,5.8008,29.6,33.12,1.72,8.340409800000002,41.702049,9.704969767601378,37.81888221478394
2023-03-14,4.0966,4.5499,29.05,42.96,3.29,6.04535262,30.226763099999996,10.698223045077926,37.878461387083235
2023-03-15,3.9528,4.5223,28.6,52.07,2.54,5.84381952,29.2190976,9.98224506302503,39.489788299289856
2023-03-16,3.2203,4.4251,26.88,61.63,2.85,4.794125016,23.97062508,9.097045756144668,39.16764982734982
2023-03-17,2.1132,4.0757,26.31,60.42,1.91,3.153190248,15.765951239999998,9.275833173645738,37.14182693107878
2023-03-18,4.2432,4.7126,26.15,61.76,1.65,6.33552192,31.6776096,9.632661936006558,40.374271082796746
2023-03-19,1.6738,5.2896,23.6,80.05,3.08,2.52475992,12.6237996,9.532929143570966,39.41635939062152
2023-03-20,3.263,5.5687,24.36,72.65,3.59,4.907029919999999,24.535149599999993,9.875023949313366,39.85523027506465
2023-03-21,4.7714,5.8944,26.08,67.1,2.32,7.1261813279999995,35.63090664,9.630802345134025,39.906016641595144
2023-03-22,5.2973,5.4156,26.28,61.21,2.04,7.905266736,39.52633367999999,8.348945204849395,39.14951655114914
2023-03-23,5.4545,5.7778,26.5,58.77,2.08,8.1326595,40.6632975,9.03252859201397,37.46053632393327
2023-03-24,5.1125,5.5344,27.1,62.03,2.12,7.6043325,38.0216625,10.117157171344221,39.36718934097185
2023-03-25,4.6922,5.1948,28.17,62.85,2.73,6.9490543559999995,34.745271779999996,9.576770747588784,38.55711224477766
2023-03-26,4.7539,5.2579,28.65,65.25,3.3,7.02673959,35.133697950000006,9.592210969267862,38.71855090966982
2023-03-27,4.5029,5.3616,27.75,70.88,2.43,6.680052150000001,33.40026075,9.43264409372338,35.42300426113346
2023-03-28,5.0962,5.1842,27.88,66.67,2.02,7.556237663999999,37.78118832,9.733531573484738,36.76517250652715
2023-03-29,4.6075,5.2152,28.0,69.44,2.99,6.828315,34.141575,10.22478135490598,39.12163458776277
2023-03-30,4.6522,4.8367,27.59,72.66,2.89,6.906004811999999,34.53002406,9.31240583351902,36.02073330587716
2023-03-31,2.9508,5.3419,26.09,82.95,2.53,4.406901768,22.03450884,10.376480391928743,38.65950398847215
2023-04-01,3.1274,5.4773,24.24,86.71,1.8,4.705360944000001,23.526804719999998,8.852060286290556,35.7811251394687
2023-04-02,6.4193,6.5383,25.71,73.2,2.26,9.601603782,48.008018910000004,9.306429692967207,36.937769541300916
2023-04-03,6.6677,6.684,27.27,67.25,2.35,9.910735926000001,49.55367963,9.290014021801053,41.45058844047484
2023-04-04,5.9609,6.2107,28.14,67.47,3.04,8.829046644,44.14523322,10.274686317518404,36.81855242336956
2023-04-05,5.9282,6.198,29.29,68.97,2.77,8.739708132,43.698540660000006,10.043547424373513,39.67992830775144
2023-04-06,6.7152,6.7649,28.94,56.53,2.07,9.914052672,49.570263360000006,9.263373411159103,35.37677989931104
2023-04-07,6.6655,6.8206,29.04,53.05,2.02,9.83667828,49.183391400000005,9.694965411145215,39.53248871546371
2023-04-08,6.6893,6.81,29.51,51.65,2.0,9.852937542,49.26468771,9.687839769086038,40.543660901288945
2023-04-09,6.637,6.6662,30.09,48.07,2.1,9.752806019999998,48.764030099999985,9.722582911225802,41.08525824532262
2023-04-10,6.5443,6.5724,30.22,49.41,1.95,9.611482524,48.05741262,9.86566359272669,39.56359084470643
2023-04-11,6.4574,6.4783,30.85,51.07,1.69,9.45944526,47.2972263,9.438971868985417,39.70451478135121
2023-04-12,7.0066,7.0241,30.78,35.15,1.71,10.266911111999999,51.33455556,10.358389765199767,38.164246648387476
2023-04-13,7.0975,7.1062,31.2,38.4,2.13,10.382223,51.911114999999995,10.247545211370047,39.782375727937385
2023-04-14,6.869,6.8926,31.75,51.73,2.18,10.0253055,50.126527499999995,9.892924329381884,42.6779958728674
2023-04-15,5.9004,6.4322,32.54,56.33,1.89,8.583665904,42.91832952,9.941971351037397,42.465617630928726
2023-04-16,6.1085,6.5112,31.93,56.09,2.17,8.908758570000002,44.54379285,11.024853455163992,42.66131249854552
2023-04-17,6.0977,6.1344,32.35,58.74,3.59,8.877641429999999,44.38820715,11.554768592326713,42.32628330744859
2023-04-18,5.7403,5.9352,32.61,59.87,2.94,8.348347902,41.74173951,10.65604088819226,41.37532307269755
2023-04-19,5.9285,6.0629,32.86,59.66,3.61,8.61316194,43.065809699999996,10.731525400837924,42.12978096313239
2023-04-20,6.018,6.2412,33.28,58.47,3.85,8.72802576,43.6401288,10.586388532841704,44.00564696093007
2023-04-21,4.2374,5.4794,33.03,54.76,1.98,6.151942067999999,30.75971034,10.796368454338765,43.75810647112125
2023-04-22,5.9429,6.4529,32.28,40.95,1.6,8.654764127999998,43.27382064,11.109482436952396,43.90497646997737
2023-04-23,2.3326,6.1289,29.6,50.68,3.24,3.43452024,17.1726012,11.102249507704848,44.15488848933029
2023-04-24,4.9238,6.8242,29.74,58.4,1.76,7.245667128,36.22833564,10.706014183714943,43.18091412667162
2023-04-25,6.4054,6.8177,29.24,60.3,2.09,9.445146624000001,47.22573312,10.732127487921815,44.19581480808989
2023-04-26,6.2364,6.7538,30.89,52.68,1.16,9.134205624,45.671028119999995,10.524558543139946,45.73665403375268
2023-04-27,5.2574,6.4615,31.67,53.85,1.56,7.675698851999999,38.37849426,10.574826925871264,45.16207896233682
2023-04-28,5.783,6.4814,29.45,66.45,2.3,8.520093899999999,42.6004695,10.036427621447256,45.63573574261739
2023-04-29,5.3458,6.402,30.12,65.67,2.57,7.854477023999999,39.272385119999996,10.97266164146884,42.65223564060745
2023-04-30,5.5632,6.468,30.09,66.04,1.12,8.174899872,40.87449936,10.082019480021158,44.5303280683737
2023-05-01,4.6519,6.3046,28.21,71.35,1.75,6.888254406000001,34.44127203000001,11.0384430932494,45.70414501177994
2023-05-02,6.6134,6.9682,29.72,60.45,1.36,9.732808512000002,48.66404256,10.133848533557652,43.67619994739169
2023-05-03,4.7402,6.8578,29.0,69.93,2.57,6.996535199999999,34.982676000000005,10.45397984138249,43.370369418094555
2023-05-04,4.8451,6.696,28.92,69.31,2.82,7.153693248000001,35.76846624,10.140032307742405,42.69059751920898
2023-05-05,5.4718,6.0886,29.06,71.87,2.33,8.074406951999999,40.37203476,10.529988740220462,43.10830665857954
2023-05-06,4.9001,5.9155,30.23,68.58,2.04,7.1963848619999995,35.981924310000004,10.34885057027942,42.29432811771916
2023-05-07,6.6007,6.6847,31.41,60.08,2.55,9.647187078,48.23593539,10.787970745338583,44.69925818266455
2023-05-08,7.2084,7.2312,32.21,57.64,2.87,10.500764616,52.503823080000004,11.030669066672539,39.750867649208715
2023-05-09,5.8099,6.6425,32.75,55.14,3.1,8.44468965,42.22344825,11.48384886347625,41.7182372678998
2023-05-10,6.0521,6.444,32.95,59.51,3.31,8.78946483,43.94732414999999,11.046359901167593,43.11017156991518
2023-05-11,6.3799,6.497,32.55,60.37,2.39,9.28084053,46.404202649999995,9.963133047676784,42.09417877842145
2023-05-12,4.2058,6.1733,31.09,65.18,1.71,6.155020068,30.77510034,10.529356771213797,42.51958637840415
2023-05-13,4.7218,6.2426,31.09,65.1,2.99,6.910165428,34.550827139999996,11.983883967600109,44.408362780425115
2023-05-14,5.3263,6.781,30.42,58.9,5.23,7.816238724,39.08119361999999,10.23427919187615,43.47067941104145
2023-05-15,6.8945,7.153,31.06,53.09,3.27,10.09106598,50.455329899999995,11.189238103697157,40.93931618449345
2023-05-16,5.5464,6.287,31.67,65.68,4.29,8.097633072,40.488165359999996,9.494629786572135,47.582172161984104
2023-05-17,5.7593,6.5786,30.41,75.45,4.12,8.452003121999999,42.260015609999996,10.852399549513384,42.51424757874249
2023-05-18,5.1302,6.4584,28.58,84.72,3.49,7.585103304,37.92551652,11.303574892666319,44.1876445442911
2023-05-19,5.179,6.5381,29.26,83.28,3.76,7.63612476,38.1806238,11.15211598891746,43.07431192274795
2023-05-20,6.7574,6.8638,30.5,73.55,3.78,9.913105799999999,49.56552899999999,10.511615412775392,44.59052287332146
2023-05-21,5.5531,6.3511,29.83,77.68,4.0,8.168721161999999,40.84360581,10.5610508579773,44.447136496692494
2023-05-22,5.9174,6.0768,29.64,79.19,3.94,8.711359583999998,43.556797919999994,10.995742379583358,40.72764439498146
2023-05-23,4.9303,6.0792,29.24,83.6,2.34,7.270023168000001,36.35011584,10.551436927622078,41.42266541384383
2023-05-24,5.1862,6.5592,28.1,84.28,2.66,7.682836680000001,38.414183400000006,10.636042005372616,42.222189465185544
2023-05-25,5.7876,6.5232,28.18,85.3,2.45,8.570972592,42.854862960000006,10.802639563894617,46.02768184841551
2023-05-26,6.2974,6.5028,28.95,83.25,2.48,9.29685162,46.4842581,10.650883529290098,43.306668779725065
2023-05-27,3.7462,6.5628,28.98,78.7,2.14,5.5298407439999995,27.649203720000003,10.287444529245425,44.47283260177232
2023-05-28,6.8474,7.0646,29.01,74.07,0.95,10.106351556,50.53175778000001,10.163155367287711,40.16665885075092
2023-05-29,7.3106,7.3913,30.06,70.86,1.3,10.743950184,53.719750919999996,10.597742554851468,42.996411637000335
2023-05-30,6.726,7.1938,30.66,73.1,1.52,9.86058504,49.302925200000004,10.747488486854412,40.6601080318645
2023-05-31,6.5534,6.9245,31.06,74.58,2.01,9.591818375999999,47.959091879999995,10.381097803121179,39.786563767770815
2023-06-01,5.6515,6.0794,30.62,76.51,2.57,8.28668142,41.433407100000004,12.045403806486254,46.867541602166305
2023-06-02,6.6732,6.7138,31.07,74.8,3.17,9.766762056,48.83381028,12.139871971474237,48.959340116067345
2023-06-03,6.2393,6.4586,30.85,75.5,3.0,9.13995057,45.69975285,11.914161929203505,49.297574121908795
2023-06-04,6.4234,6.8719,30.84,75.16,2.71,9.410024064,47.05012032,12.603852884721148,47.71562471226146
2023-06-05,6.9881,7.0423,30.39,76.46,2.03,10.256154846000001,51.28077423,12.34298356823471,50.47081185316812
2023-06-06,6.4889,6.5515,30.61,76.24,2.29,9.514933626,47.57466812999999,12.789800579352688,51.95006319235223
2023-06-07,5.3609,6.4666,31.1,74.52,2.36,7.8451410599999996,39.2257053,12.424979002192801,51.19151866337106
2023-06-08,2.2786,6.4766,31.66,71.43,2.11,3.326847144,16.63423572,12.376620119025324,52.41216669274522
2023-06-09,2.9568,6.6192,30.11,76.44,2.78,4.344544512,21.722722559999998,12.898787387855334,48.48569044523712
2023-06-10,4.0202,6.3406,30.37,75.72,1.98,5.900769156,29.503845779999995,13.404595252377941,49.03617701903644
2023-06-11,4.6265,5.8301,30.39,78.42,2.99,6.7901289899999995,33.950644950000004,12.668413090916719,51.80030506833318
2023-06-12,3.2957,5.149,29.78,82.38,3.2,4.849029324,24.24514662,12.785666159295834,52.758553796483014
2023-06-13,4.4774,5.8716,30.06,83.55,3.6,6.580166136000001,32.90083068,12.807043594403005,50.79671595774703
2023-06-14,6.2321,6.6751,30.19,83.94,5.17,9.154082406,45.770412029999996,13.076201888133964,50.803789700473246
2023-06-15,4.9798,6.3329,31.07,80.04,5.9,7.288335684,36.44167842,12.940354692884164,50.26655548361043
2023-06-16,5.4881,6.6907,30.37,83.69,5.23,8.055323418,40.276617089999995,12.384861808385125,51.01574510882787
2023-06-17,5.3093,6.5443,30.44,83.21,4.96,7.790654448000001,38.95327224,13.418513926491515,50.47843149260384
2023-06-18,3.7258,6.0204,29.44,84.39,4.49,5.489444688,27.447223440000002,12.141974962344765,51.25132967648327
2023-06-19,3.7526,6.4111,28.8,89.05,3.88,5.54334072,27.716703600000002,11.560113132522144,51.724722551498324
2023-06-20,3.5309,6.7046,29.06,87.46,3.75,5.210337276,26.051686379999996,12.545662107735076,50.69998742707868
2023-06-21,3.882,6.5062,28.96,89.69,3.11,5.730763680000001,28.653818400000002,13.045420292274576,51.885915295629445
2023-06-22,2.9942,6.4666,28.58,88.17,3.03,4.426984584,22.134922919999998,11.821256152928392,51.49628265492869
2023-06-23,5.2798,7.3092,29.02,84.62,3.12,7.792351224,38.961756120000004,12.05366335548748,51.93169160560964
2023-06-24,5.7662,7.435,29.47,84.49,3.24,8.494650516,42.47325258000001,13.255549436367023,49.63862837856697
2023-06-25,5.9717,7.4786,29.19,84.26,4.99,8.807421462,44.03710731,12.036530697220694,52.22977324849007
2023-06-26,4.1198,7.3418,27.9,89.42,5.83,6.10801548,30.540077399999998,11.949942988603965,49.09402949124632
2023-06-27,2.5442,7.254,27.52,93.49,4.07,3.7778316960000002,18.88915848,13.118642375227488,46.52500509093544
2023-06-28,1.1486,7.1038,27.92,92.25,4.43,1.702776528,8.51388264,13.050945833447539,48.51389810265833
2023-06-29,2.0066,7.2871,27.95,92.75,3.43,2.97438318,14.871915900000001,12.140372179368308,50.983744036312025
2023-06-30,3.631,7.1081,28.64,90.95,3.63,5.36719896,26.835994799999995,12.404683282426541,49.919831698436646
2023-07-01,3.4675,6.9413,29.37,87.3,2.55,5.11033215,25.551660749999996,11.303408978071174,46.3886638141183
2023-07-02,4.4568,6.8273,28.73,91.96,2.9,6.585456816,32.92728408,12.021443188540738,49.21075602782639
2023-07-03,4.488,6.9194,29.33,88.93,2.34,6.615401760000001,33.0770088,12.33750769657338,49.227612311048105
2023-07-04,6.4759,7.1467,29.75,85.68,2.29,9.52928685,47.64643425,12.230733030781607,49.30944907545966
2023-07-05,5.7938,7.375,29.23,88.03,3.42,8.543653356,42.71826678,12.677018355263877,47.48676760489662
2023-07-06,4.5521,7.4765,29.06,88.28,4.21,6.717260844000001,33.586304219999995,12.372062786959477,49.560715514741894
2023-07-07,5.1744,7.3183,28.78,91.09,4.05,7.644244608,38.22122304,11.620419952160548,46.97115213012604
2023-07-08,5.4401,7.3567,29.21,89.37,3.42,8.022733074,40.11366537,12.217227000648215,47.97861867928369
2023-07-09,5.406,7.1974,29.26,87.42,2.65,7.97082264,39.85411319999999,11.78314555500623,48.6025135518582
2023-07-10,4.8902,7.0601,29.59,87.24,2.79,7.200623891999999,36.00311946,11.938100859647868,47.9282446986923
2023-07-11,4.9946,7.0642,29.17,85.7,4.04,7.366935108,36.83467554,12.043293921790365,45.96740699636969
2023-07-12,5.2848,7.158,28.26,87.99,3.37,7.823829311999999,39.11914656,12.006668060890725,48.08821211192475
2023-07-13,5.2466,7.0022,28.41,91.41,2.68,7.762554563999999,38.81277282,11.993025322253207,47.72083618626964
2023-07-14,5.2349,7.0589,28.5,89.51,2.43,7.742417099999999,38.7120855,12.86049047908716,47.90874836931306
2023-07-15,4.5283,7.3418,29.08,85.41,2.38,6.681597215999999,33.40798608,12.368935400781552,51.38321896299932
2023-07-16,4.7995,7.2341,28.91,87.99,3.77,7.08665373,35.43326865,12.883385646180221,50.840710236295244
2023-07-17,5.0623,7.175,28.81,88.93,4.48,7.477725821999999,37.38862911,11.504887233702524,50.24000780834791
2023-07-18,6.5791,7.351,28.82,88.05,4.83,9.717857028000001,48.58928514,12.99675388781215,46.972582663275176
2023-07-19,5.784,7.2761,29.25,86.78,4.71,8.528508,42.64254,13.379383791622327,45.92349340146597
2023-07-20,6.3086,7.2026,28.98,88.8,4.25,9.312250632000001,46.56125315999999,11.119963073878788,50.02428484222281
2023-07-21,5.5164,7.3262,28.84,89.91,3.72,8.147502143999999,40.73751072,11.727547046854829,49.21167983803651
2023-07-22,5.7955,7.3716,28.96,88.66,4.29,8.55554892,42.777744600000005,11.59203847543267,44.974231367532845
2023-07-23,5.9042,7.2761,28.92,88.37,2.76,8.717433216,43.58716608,12.824731201074746,46.80869638622262
2023-07-24,6.3086,7.3262,29.35,84.83,2.98,9.298245540000002,46.491227699999996,11.902712270980619,47.12632263663323
2023-07-25,5.8313,7.3447,29.22,86.15,3.72,8.599301484,42.99650742,11.822262558217867,47.43950266692337
2023-07-26,4.9356,7.2804,28.97,88.25,4.13,7.285834007999999,36.42917004,12.080541011553166,46.7105050375994
2023-07-27,4.8816,7.1832,29.3,86.76,4.12,7.19645472,35.98227359999999,12.723721283379417,47.61166470358346
2023-07-28,5.5469,7.0704,29.34,86.87,3.96,8.175908724,40.87954362,12.15560409278337,50.97533145779677
2023-07-29,4.5739,7.087,29.75,86.64,3.53,6.73049385,33.65246925,13.071062536009292,50.91588417813457
2023-07-30,5.6095,7.2295,30.08,86.02,2.45,8.243272439999998,41.2163622,12.887737057441853,48.12883606321226
2023-07-31,5.5385,7.1534,31.03,78.62,0.93,8.10736707,40.53683535,11.895264964998047,49.42941192496297
2023-08-01,5.6839,7.3241,30.1,86.48,3.46,8.35192266,41.759613300000005,12.157674372820226,49.85626423942043
2023-08-02,4.117,7.033,28.75,89.82,7.37,6.0828675,30.414337500000002,12.440132358744771,48.49309742401464
2023-08-03,3.9,6.5935,28.93,88.13,4.34,5.758038,28.790190000000003,11.749146871240402,50.31982858866067
2023-08-04,3.2911,6.4363,28.71,87.46,4.06,4.863390114,24.316950570000003,13.177552209967942,48.42137422960304
2023-08-05,3.3415,6.6178,28.42,87.58,4.06,4.94368242,24.718412100000002,11.73170853788672,48.12980349297691
2023-08-06,1.7892,6.7814,28.02,91.17,4.82,2.651379696,13.25689848,12.931832820220775,49.32934937695196
2023-08-07,1.5098,7.0488,28.02,91.84,5.35,2.237342424,11.186712120000001,12.17314273746825,47.83162272086682
2023-08-08,2.4134,6.6696,28.09,89.71,4.69,3.575355564,17.87677782,12.879902616702095,47.60529826406539
2023-08-09,4.6678,6.1898,27.84,91.33,3.05,6.922160687999999,34.61080344,12.026000022882753,47.272111713290094
2023-08-10,4.1054,5.8812,28.59,86.56,2.39,6.069669684000001,30.34834842,12.799147208279837,50.03502934715292
2023-08-11,3.8323,5.7444,28.66,88.06,2.14,5.664292692,28.32146346,11.223100981461258,47.45818205417339
2023-08-12,3.5129,5.6537,27.67,91.92,3.13,5.213073342,26.065366710000003,11.973062155665188,48.81091338180861
2023-08-13,2.1456,6.169,28.11,87.44,2.37,3.1783631039999998,15.891815519999998,12.446575010139174,49.80519426449525
2023-08-14,4.3447,6.7939,28.93,84.15,1.34,6.414601974,32.07300987,12.282911689712032,48.87654644701029
2023-08-15,4.4479,5.8829,28.74,88.13,2.25,6.572039124,32.860195620000006,11.998599099147949,46.59680232107102
2023-08-16,3.8446,5.742,28.98,87.44,1.51,5.675090952,28.375454759999997,11.912539359947754,47.29411548148444
2023-08-17,5.6453,6.702,28.37,89.89,1.98,8.353802034,41.769010169999994,12.504132905134568,47.22252467949734
2023-08-18,5.1847,6.954,28.42,89.23,4.54,7.670659956000001,38.35329978,11.657444449294525,49.80116819471199
2023-08-19,5.2039,6.7834,28.7,89.15,3.53,7.6903234199999995,38.4516171,12.014125434927683,44.991072439856026
2023-08-20,5.8128,6.6677,28.77,87.56,2.82,8.587714464000001,42.938572320000006,11.02901462854675,49.768176486769455
2023-08-21,5.195,6.5671,28.27,88.9,2.66,7.690574100000001,38.4528705,11.95201522413117,47.269485330265915
2023-08-22,3.199,6.2712,28.46,90.76,3.47,4.73208876,23.6604438,11.89928310961633,47.35417907842578
2023-08-23,2.7322,6.445,28.57,90.55,2.79,4.039776276,20.198881380000003,12.091567623158024,48.822622759475244
2023-08-24,3.5086,6.336,28.32,92.64,2.34,5.193008688,25.96504344,11.943390648472558,47.77704766484398
2023-08-25,1.385,6.0262,28.04,92.03,3.06,2.0522376,10.261188,11.538586481552112,47.15460349811696
2023-08-26,2.1067,5.2742,27.68,92.88,3.67,3.1261742640000003,15.63087132,12.451743661801606,47.59801625405634
2023-08-27,5.1977,6.0341,28.33,90.71,3.17,7.692699954,38.463499770000006,12.71069719165849,47.7286251580057
2023-08-28,5.0618,5.9045,29.54,83.79,2.11,7.454816568,37.27408284,11.992441867992946,46.6097790199485
2023-08-29,5.5848,5.9383,29.99,77.11,1.11,8.209991088,41.049955440000005,11.492721639967733,49.22806537938332
2023-08-30,5.3453,6.055,30.44,76.05,1.02,7.843479407999999,39.21739704,12.515903234680772,47.158505481401036
2023-08-31,5.1295,5.9208,29.98,80.84,1.09,7.54098054,37.7049027,12.280267820533647,48.11248595519012
2023-09-01,3.8671,5.2596,29.16,87.86,1.88,5.704127184,28.52063592,10.231123531154648,42.76643657031545
2023-09-02,4.08,5.4307,29.23,86.92,1.27,6.0164496,30.082247999999996,10.142203597562244,42.133666184690725
2023-09-03,4.8233,6.2813,28.94,88.42,1.59,7.120927188,35.604635939999994,10.061894571448002,40.9297538100385
2023-09-04,4.7834,6.6367,27.65,91.89,3.06,7.0990439400000005,35.49521970000001,9.820655618724691,41.3451763827962
2023-09-05,5.3551,6.5318,28.68,88.81,2.71,7.9144093920000005,39.57204696000001,10.40307604943741,40.64967435489362
2023-09-06,5.0743,6.5405,28.14,92.36,2.81,7.515850188,37.57925094,9.478570287828866,41.12586969044092
2023-09-07,4.1062,6.6862,28.04,93.16,4.18,6.084402912000001,30.422014560000004,9.557223032661685,38.63967156047569
2023-09-08,3.1018,6.3168,27.71,94.43,3.47,4.602264731999999,23.011323660000002,10.299844568072523,41.32713745548845
2023-09-09,5.4091,6.2455,28.48,89.21,2.51,8.000707991999999,40.00353995999999,10.232172655491814,40.36862887224449
2023-09-10,5.5058,6.1812,28.95,87.21,2.01,8.12821254,40.6410627,9.469854302836259,41.19347725361098
2023-09-11,4.6723,6.1939,28.92,86.93,1.74,6.898557503999999,34.49278751999999,9.620278039220294,43.08648765367144
2023-09-12,4.3711,6.3262,28.86,87.78,1.86,6.4554153240000005,32.277076619999995,10.763295094680746,41.43026416796685
2023-09-13,5.2198,6.4529,27.64,92.54,4.29,7.747018368000001,38.735091839999995,8.930165640833154,38.91342093530543
2023-09-14,4.3632,6.5028,28.2,91.74,5.87,6.4610265600000005,32.305132799999996,9.514438406404453,39.17161326564527
2023-09-15,4.3646,6.3744,27.67,93.37,3.41,6.476979108000001,32.384895539999995,10.467223251023961,37.93035691060598
2023-09-16,5.7053,6.2827,28.63,88.61,2.34,8.433688566,42.168442830000004,9.052417837728862,37.85671674741794
2023-09-17,5.4787,6.1361,29.65,83.24,1.42,8.065194270000001,40.325971349999996,10.823892093229167,39.65988285519786
2023-09-18,4.0877,6.1562,27.87,91.66,2.15,6.061159805999999,30.305799029999996,10.198890433883282,41.78390372461632
2023-09-19,3.42,6.3475,27.5,92.3,4.7,5.0786999999999995,25.393500000000003,9.499634098755088,39.405475933540245
2023-09-20,2.669,6.2909,27.58,93.5,4.17,3.96218388,19.810919400000003,9.922506147236325,40.43401571966665
2023-09-21,2.3626,6.0338,27.47,94.65,4.34,3.508886268,17.54443134,9.743437953934585,38.5209607264749
2023-09-22,2.6966,5.9693,27.51,93.46,3.54,4.004289204,20.02144602,9.187550335777072,38.14732765891774
2023-09-23,2.6779,6.1198,27.86,92.39,3.4,3.970897236,19.854486180000006,9.347571168563777,42.560525225246764
2023-09-24,2.8726,5.8608,27.88,92.2,2.76,4.2592614719999995,21.29630736,9.699570901588336,37.51571191411029
2023-09-25,4.0656,5.9762,27.81,90.84,2.1,6.029853984,30.14926992,10.548525631065845,38.57617295538071
2023-09-26,5.4264,5.9962,28.55,86.43,1.52,8.02401768,40.1200884,9.665087636846136,41.10577044529521
2023-09-27,5.2466,5.825,28.47,86.7,1.27,7.760665788,38.80332894,9.845104791490801,38.20697440553693
2023-09-28,5.4108,5.91,28.59,87.23,1.87,7.9996513679999985,39.99825684,9.156008071911517,40.059972317833584
2023-09-29,2.7086,6.0413,28.27,92.38,1.93,4.009757268,20.048786340000003,11.087783313072539,39.191028564634024
2023-09-30,3.8863,6.1306,27.31,94.35,4.51,5.775585882,28.87792941,10.682427912301527,41.15343921731964
2023-10-01,4.3255,6.091,27.57,90.96,3.96,6.42155079,32.107753949999996,9.278669099730637,37.98143324154835
2023-10-02,4.1971,5.9467,27.41,91.94,2.84,6.234959934,31.174799669999995,9.673477962527063,41.90624842937808
2023-10-03,2.9954,5.8073,27.41,92.48,3.74,4.4497865160000005,22.248932579999998,9.747294865992098,37.38378370749155
2023-10-04,1.4695,5.8908,27.49,94.88,4.54,2.1822956700000002,10.911478350000001,9.37111800716686,37.49947654415113
2023-10-05,0.8626,5.4442,27.19,94.85,4.8,1.282565436,6.412827180000001,9.532717002072665,36.490738311258774
2023-10-06,2.7394,5.1257,27.52,92.23,4.2,4.067680272,20.33840136,10.313844548127571,41.2241142748539
2023-10-07,3.4774,5.0597,28.06,90.66,2.7,5.152254935999999,25.76127468,9.881749623289117,37.73316565007524
2023-10-08,4.7083,5.1398,28.41,87.55,1.89,6.966118182000001,34.830590910000005,9.899752943942325,37.1647336177903
2023-10-09,4.0918,4.9368,28.41,87.99,2.07,6.053981772000001,30.269908859999997,10.340668163596138,36.33983070672163
2023-10-10,4.3416,4.8161,28.69,78.88,1.21,6.416276976,32.081384879999995,10.593884587101199,37.26638732529343
2023-10-11,4.361,4.7395,28.44,79.78,1.41,6.451488959999999,32.257444799999995,9.60617470812298,40.642125431158235
2023-10-12,4.6706,4.7825,28.49,74.96,1.3,6.908097636000001,34.54048818,9.197214117677607,38.36800830417069
2023-10-13,4.8185,5.0914,28.06,69.19,1.2,7.13928234,35.6964117,9.474422485193488,38.685907973626094
2023-10-14,5.0042,5.1286,27.19,68.07,1.43,7.440544812,37.20272406,9.602711160423723,38.55315219481321
2023-10-15,5.0069,5.0568,26.98,71.52,1.3,7.4508680279999995,37.25434014,9.98662113907127,38.06269033008144
2023-10-16,5.2202,5.2385,26.69,71.88,1.39,7.777367172,38.88683586,9.322761060978937,40.33660249600727
2023-10-17,5.1967,5.2814,26.78,74.28,1.2,7.739549244,38.69774622,9.957994884435145,38.27882727651109
2023-10-18,4.763,4.8408,26.32,81.05,1.79,7.10677704,35.5338852,9.851754607635078,41.32583244017266
2023-10-19,4.999,5.07,25.32,83.92,2.23,7.48890192,37.444509599999996,9.443076361312718,39.178465871878174
2023-10-20,5.345,5.3582,24.71,84.19,2.34,8.0268003,40.134001500000004,10.146370468482239,39.879289555444636
2023-10-21,5.275,5.3602,24.3,83.92,2.53,7.934655,39.673275,9.713802880589679,39.79881852242734
2023-10-22,3.9113,5.2982,25.33,82.14,2.02,5.8592056260000005,29.29602813,9.747652221676642,40.12894097431351
2023-10-23,3.0566,5.0378,25.45,86.16,1.57,4.57664718,22.8832359,9.448440592772982,36.6613277577243
2023-10-24,3.7164,5.0834,25.13,89.63,3.28,5.571701208,27.85850604,9.642784065033753,37.39556982266088
2023-10-25,4.5979,5.1295,25.91,85.98,2.08,6.871745466000001,34.35872733,9.263597912716964,36.833573608072726
2023-10-26,4.9634,5.1221,25.9,82.44,1.57,7.41829764,37.09148819999999,8.504425671361764,38.597690605956906
2023-10-27,4.7743,5.0532,25.02,82.66,1.93,7.160877084000001,35.80438542,9.583371168726785,36.58313669441422
2023-10-28,4.6994,4.9246,24.56,80.46,2.2,7.061506415999999,35.30753208,8.369370280066391,33.86080948262707
2023-10-29,4.7513,4.8283,23.51,77.73,2.2,7.169426621999999,35.847133109999994,9.151860956282393,34.6568479449844
2023-10-30,4.848,5.0201,24.26,76.83,1.94,7.293525120000001,36.467625600000005,8.102612108354554,38.51462180626715
2023-10-31,5.0971,5.1058,25.02,72.98,1.33,7.645038348,38.22519174000001,8.544144757667793,36.31887848076468
2023-11-01,5.1864,5.189,24.8,80.96,2.26,7.78582368,38.92911839999999,8.325947236279065,34.865375481768844
2023-11-02,5.0194,5.04,25.24,83.26,2.07,7.521872064,37.60936032,8.99015571685806,35.48779843667775
2023-11-03,3.8016,4.2754,25.64,79.25,1.71,5.687801856,28.43900928,8.819139556336737,33.81469204168752
2023-11-04,3.4836,3.7915,26.08,75.04,1.23,5.202826272,26.01413136,9.208643633744575,34.364336084803405
2023-11-05,3.3067,3.8954,24.76,83.68,2.15,4.964811648000001,24.82405824,8.974559694889567,34.830528025214356
2023-11-06,4.4587,4.4707,23.45,80.23,2.55,6.729515910000001,33.64757955,8.638370863415707,34.63953870120225
2023-11-07,3.8839,4.4143,22.48,77.19,2.35,5.884574568000001,29.42287284,8.549871184859862,35.94482365976507
2023-11-08,4.1407,4.171,22.41,77.18,2.05,6.275396477999999,31.376982389999995,8.14033207790681,36.70047026737047
2023-11-09,4.2578,4.2686,22.39,75.5,2.0,6.4533771479999995,32.26688573999999,9.4308401942002,35.83006444570961
2023-11-10,4.5,4.5007,22.28,78.89,2.25,6.82344,34.1172,8.952349698575848,31.71410340071036
2023-11-11,4.5581,4.5588,22.07,83.7,2.57,6.917281397999999,34.58640699,9.224344986535247,33.06100467919781
2023-11-12,4.5869,4.5931,22.27,84.02,2.66,6.955483422,34.77741711,8.148626619178271,33.1562263331868
2023-11-13,4.7796,4.7978,22.31,84.13,2.64,7.246542744000001,36.232713720000014,8.725908382585196,34.4817051012988
2023-11-14,4.6512,4.884,22.56,78.89,2.29,7.044893568000001,35.22446784,8.331315095497024,34.09451193448448
2023-11-15,4.1446,4.6099,22.93,75.11,1.91,6.268375932,31.34187966,7.948202873822414,35.17994348288781
2023-11-16,1.7395,4.405,23.2,85.81,2.45,2.6280366000000006,13.140183000000002,8.390716802090841,30.217053481519443
2023-11-17,2.1473,4.595,23.42,91.94,4.77,3.2413064040000004,16.20653202,7.12527483498875,33.3267281647145
2023-11-18,3.2282,4.5607,23.4,85.58,2.29,4.87329072,24.3664536,8.046243465265103,35.2244358910662
2023-11-19,4.4458,4.6291,23.27,82.55,2.07,6.714847404,33.57423702,7.839984824088364,32.29675199467777
2023-11-20,4.2283,4.5329,22.77,82.92,2.17,6.399024654,31.99512327,8.46184481119582,32.57897737712988
2023-11-21,3.9442,4.285,23.43,80.64,2.2,5.953454364,29.76727182,7.840324021480785,32.50307492925359
2023-11-22,3.7622,3.7738,21.01,80.46,2.47,5.733367068,28.66683534,6.5613960602959445,32.967959570414855
2023-11-23,3.6773,3.689,20.03,80.15,2.37,5.625607086,28.128035429999994,8.255683437939133,32.573098496081165
2023-11-24,3.9269,4.0766,20.66,78.45,2.14,5.992606476,29.963032379999998,6.379110392381388,31.42194176819333
2023-11-25,4.224,4.4117,21.1,81.41,2.5,6.4348416,32.174208,8.20309609437211,32.040140052611434
2023-11-26,4.6572,4.6694,21.72,77.38,2.02,7.077453695999999,35.387268479999996,8.31241451755765,32.52685265081649
2023-11-27,4.152,4.5286,21.55,76.24,1.56,6.3139464,31.569732000000002,8.706493145320106,31.714808420687085
2023-11-28,4.1894,4.2173,22.16,77.57,1.93,6.355487376000001,31.77743688,6.97715799577859,30.02068376173058
2023-11-29,2.6741,3.6672,22.33,74.22,1.53,4.053989082000001,20.269945410000002,7.528079185784302,33.71525397149634
2023-11-30,4.2038,4.2281,22.4,78.99,1.92,6.3712792799999995,31.8563964,8.283656356237092,29.508828900011853
2023-12-01,4.3781,4.3889,21.9,82.79,2.76,6.64858266,33.2429133,8.070945871339083,26.421390367155706
2023-12-02,3.8266,4.0428,22.45,81.44,2.42,5.7984469800000005,28.9922349,8.058168150742395,29.4938266087038
2023-12-03,3.6634,4.1714,22.6,83.22,2.42,5.547852960000001,27.7392648,7.727440027644554,31.99089334121609
2023-12-04,3.1697,4.1501,22.52,81.68,2.43,4.801715135999999,24.00857568,8.28551573681274,32.03800951187156
2023-12-05,1.3759,4.1362,22.2,82.47,1.61,2.0869651200000003,10.4348256,9.374981609543228,31.567576549927587
2023-12-06,1.4299,3.8004,21.05,89.69,2.47,2.17873863,10.89369315,7.387086174386998,32.05255109286455
2023-12-07,0.7198,3.9192,20.64,93.18,3.18,1.0985299679999998,5.4926498399999995,7.628958740260158,31.837826416099865
2023-12-08,1.7249,3.9569,20.4,91.53,2.73,2.6349572400000003,13.174786200000002,7.522774125836584,33.273295677338254
2023-12-09,3.4932,3.9384,19.36,86.73,2.96,5.358009888,26.79004944,7.423886500550333,29.817286514662268
2023-12-10,2.8073,3.0622,18.35,77.02,2.17,4.32296127,21.61480635,7.430037908647855,29.691199503076188
2023-12-11,3.2866,3.2995,17.06,77.36,2.61,5.086473624,25.43236812,7.929520968162391,32.03137153297185
2023-12-12,3.493,3.7142,17.39,79.41,2.39,5.39899038,26.9949519,7.204801598368897,28.25032821411694
2023-12-13,3.6564,3.7397,17.39,71.68,2.48,5.651551224,28.257756120000003,6.909099664086213,28.867655055507186
2023-12-14,3.5494,3.6043,16.53,69.84,2.22,5.504480507999999,27.522402539999998,6.781551405557192,26.401946610403392
2023-12-15,3.5174,3.5251,15.92,77.21,2.57,5.467727951999999,27.338639759999996,7.0188872270580145,27.923152843073982
2023-12-16,3.737,3.7385,15.96,78.31,2.6,5.80819488,29.040974400000003,5.619746453398991,26.19853206021872
2023-12-17,3.949,3.9655,16.04,73.35,2.41,6.135798240000001,30.6789912,7.120449443642016,26.210065032008586
2023-12-18,3.8458,3.935,15.93,77.61,2.55,5.977988436,29.889942180000002,5.69511779891038,27.124897016549657
2023-12-19,3.917,3.9754,16.0,79.13,2.9,6.087018,30.435090000000002,6.029256156614723,23.430522383584815
2023-12-20,4.091,4.1261,16.7,84.98,2.9,6.340231799999999,31.701159,5.4233458640101695,24.694716621439596
2023-12-21,3.864,4.0394,18.0,82.31,2.33,5.958288,29.79144,6.138920381975619,24.173300862817687
2023-12-22,3.619,3.8558,18.97,79.27,1.53,5.55943542,27.797177100000003,6.414731161092953,24.640878841025824
2023-12-23,2.611,3.709,19.96,74.63,1.06,3.99545664,19.977283200000002,6.351865228204663,21.923651410557746
2023-12-24,3.0775,3.6914,19.07,80.48,1.86,4.72574745,23.62873725,6.350508162290297,25.467436132506585
2023-12-25,3.1704,3.3127,19.08,79.29,1.87,4.868212607999999,24.341063039999998,5.4969848178438205,25.058014281000304
2023-12-26,3.0307,3.1399,19.23,78.49,1.79,4.650972834,23.254864169999998,5.36231421455967,23.092781396167904
2023-12-27,3.2921,3.3823,18.73,82.89,2.21,5.061998802000001,25.30999401,5.733700009787606,24.65563313078688
2023-12-28,3.7159,3.7754,18.89,83.12,2.23,5.710074894,28.55037447,5.379699461552204,24.551558456342523
2023-12-29,4.1314,4.1592,18.87,84.48,2.64,6.349052892000001,31.745264460000005,6.722652134078127,24.9389918146789
2023-12-30,4.1388,4.1954,18.56,83.6,3.04,6.368123231999999,31.840616159999996,6.816976296804771,25.859372769587285
2023-12-31,2.1758,3.8988,17.54,82.4,3.06,3.3610888080000003,16.80544404,6.055883146955969,28.108826649788178
2024-01-01,2.957,3.8338,17.04,79.27,2.48,4.57672632,22.883631600000005,6.618437264577357,25.686167669836465
2024-01-02,3.5914,3.8446,15.9,80.1,2.63,5.58319044,27.9159522,6.246374288044339,28.04998996466331
2024-01-03,2.7854,3.9612,16.03,78.18,2.62,4.328010228,21.640051139999997,5.926175513337249,26.429672666316293
2024-01-04,3.7613,3.8302,17.02,74.97,2.22,5.822041044,29.110205219999997,6.16153855964149,27.245037704344153
2024-01-05,3.8038,3.8182,17.29,76.99,2.31,5.881663788,29.408318939999997,5.847605289972209,25.538091926480988
2024-01-06,3.4702,3.6247,18.21,76.99,2.57,5.346675948000001,26.73337974,5.866061932961404,24.66082932105614
2024-01-07,3.5328,3.5369,18.23,82.77,2.85,5.442702336,27.213511680000003,6.396973641802337,27.72961291421914
2024-01-08,2.9419,3.558,18.23,81.23,2.88,4.532349978,22.66174989,6.649662879703895,24.910645102577664
2024-01-09,2.7379,3.6353,16.88,76.53,2.87,4.2402404879999995,21.201202440000003,6.467443300295091,25.842497857392246
2024-01-10,3.3689,3.6413,17.21,67.34,2.15,5.210812386000001,26.054061930000003,6.733678783588237,25.730823789374302
2024-01-11,2.9674,3.4183,17.34,78.31,2.87,4.587481704,22.937408519999998,5.986187981053967,24.615633256287957
2024-01-12,1.1762,2.9198,14.22,74.95,2.91,1.8403766160000001,9.201883079999998,6.944282618504987,22.34288977472209
2024-01-13,3.3907,3.7937,14.63,76.88,2.66,5.297019354,26.485096769999995,5.779078597794071,24.35480660174532
2024-01-14,1.4215,3.9948,14.77,75.95,2.12,2.21950167,11.09750835,5.637391031872254,22.799384840425276
2024-01-15,1.4422,3.8717,15.6,75.19,1.75,2.2446400800000004,11.2232004,5.8808401018297225,25.200380502911397
2024-01-16,2.6779,3.7068,15.63,73.39,1.62,4.167401538,20.837007690000004,6.04845958655251,23.840353593491344
2024-01-17,1.7407,3.3979,15.46,78.07,1.95,2.7106876679999994,13.553438340000001,4.624956984310432,22.181221256406726
2024-01-18,1.9092,3.0667,16.57,78.16,1.39,2.960367336,14.80183668,5.112745643261805,21.796614406152802
2024-01-19,3.397,3.5885,17.38,81.01,2.35,5.25081084,26.254054200000002,4.833415072997784,22.55402457233181
2024-01-20,2.9095,4.0298,15.75,76.63,2.8,4.52572725,22.628636249999996,5.599568389057514,24.085766446492478
2024-01-21,2.9273,3.3595,15.26,73.42,2.57,4.562021412000001,22.81010706,6.2533019137211845,21.98520152941192
2024-01-22,2.1074,3.0607,13.9,69.7,2.96,3.30145284,16.5072642,5.72234901019622,21.867527582606517
2024-01-23,3.7332,3.8138,15.44,62.37,1.86,5.813936352000001,29.069681760000005,6.2374110180117395,20.733090050830874
2024-01-24,2.7497,3.601,15.61,71.21,1.23,4.279468098,21.39734049,5.553405712004032,23.606619395202006
2024-01-25,2.5246,3.4913,16.1,75.82,1.72,3.9217136400000006,19.6085682,6.1775399155215664,21.32761810178895
2024-01-26,3.582,3.6511,15.37,69.44,2.89,5.57996796,27.899839800000006,4.820754941430778,22.870448120164227
2024-01-27,3.7622,3.9775,15.03,64.49,2.65,5.868354803999999,29.34177402,5.825886520445585,23.260820362561116
2024-01-28,4.1566,4.2751,15.48,62.37,2.47,6.472324991999999,32.36162496,5.458483722073944,20.24539731022821
2024-01-29,4.0337,4.2007,17.1,58.2,1.82,6.24174738,31.2087369,5.112968313518681,21.429179894717528
2024-01-30,3.5165,3.6888,18.55,62.14,1.42,5.41083855,27.054192750000002,6.2214260906539645,21.695223351209684
2024-01-31,2.5409,2.9345,20.05,74.53,1.31,3.88681473,19.434073650000002,6.548319822781186,24.366259016989343
2024-02-01,1.59,2.8294,20.61,74.18,1.23,2.4268806000000005,12.134403,5.948214653424248,22.893187294467808
2024-02-02,2.4098,2.7168,19.95,77.23,2.55,3.68771694,18.438584700000003,5.418484751375101,22.039888423851192
2024-02-03,4.4671,4.4801,19.27,68.84,3.03,6.854228898000001,34.27114449000001,6.91411089907524,19.614700804219495
2024-02-04,4.8922,4.902,19.43,59.8,2.16,7.501797324000001,37.50898662,6.094513397421762,23.430609292890296
2024-02-05,3.9593,4.7035,20.71,59.73,1.79,6.040862382,30.20431191,6.613809124301654,23.821680316463315
2024-02-06,2.1034,3.4627,21.91,69.95,1.85,3.1940970359999996,15.970485179999999,6.58433037276502,23.126585768243963
2024-02-07,3.9238,4.3238,20.55,73.46,2.52,5.99046546,29.9523273,6.42300604996724,24.304325763829116
2024-02-08,4.957,5.015,18.36,54.47,2.54,7.632986879999999,38.1649344,6.924004483289088,23.88052728258295
2024-02-09,5.0009,5.0198,16.44,60.78,2.96,7.758196224,38.79098112,7.039263452093016,25.652318945632842
2024-02-10,4.8948,4.9082,17.07,61.72,2.83,7.5750945839999995,37.87547292,6.478805759054724,26.56307958088125
2024-02-11,4.7966,4.8322,19.31,55.52,2.09,7.358655924000001,36.79327961999999,6.356398063340148,25.610747384213965
2024-02-12,4.3853,4.6649,20.98,53.93,1.78,6.683723436,33.418617180000005,6.905889178262231,26.44435864516451
2024-02-13,3.516,4.5346,22.61,54.05,1.39,5.32441944,26.6220972,6.633787355210412,26.73610919456821
2024-02-14,3.5827,4.0918,22.98,62.3,1.36,5.417472324000001,27.08736162,6.89294595293551,27.05884394399206
2024-02-15,3.8256,4.0015,23.16,67.45,1.65,5.780634624,28.90317312,7.181024895530712,27.712718248095072
2024-02-16,4.4071,4.411,21.99,71.73,2.75,6.690242226,33.45121113,7.50350591143619,28.188016021392865
2024-02-17,4.9022,4.9102,21.76,55.95,2.14,7.448598768,37.242993840000004,6.657564829460436,29.28063058499889
2024-02-18,4.4196,4.5245,21.93,47.88,1.39,6.710809032000001,33.55404516,8.088110042837823,27.687650133788395
2024-02-19,3.9034,4.5228,22.33,58.03,1.63,5.917632468000001,29.58816234,7.303634359786261,28.0264134553471
2024-02-20,2.6186,3.5381,23.68,70.5,2.76,3.9486393119999996,19.743196559999998,6.882888692727354,28.18704323366339
2024-02-21,4.2247,4.4414,25.7,66.39,2.45,6.31930626,31.5965313,7.36926508428466,28.56878758375978
2024-02-22,2.4751,4.0673,25.55,71.05,2.67,3.70448217,18.522410849999996,7.968811367453706,31.77300694475828
2024-02-23,3.619,4.7544,22.66,75.95,2.45,5.479310760000001,27.396553800000007,7.654344326958144,32.16951840551224
2024-02-24,4.4803,5.0609,22.39,71.07,2.27,6.790611498,33.95305749,8.281515039449523,33.403833202809274
2024-02-25,2.9537,4.5514,21.31,63.84,3.22,4.495944918000001,22.47972459,7.8642234548413965,32.216188998270525
2024-02-26,5.2553,5.2591,21.2,63.2,2.87,8.00277084,40.013854200000004,7.705839994962763,30.34502861722183
2024-02-27,4.6901,5.1653,22.63,58.66,2.5,7.101843221999999,35.50921611,8.148354235648267,35.187645361925284
2024-02-28,4.662,4.7143,23.78,58.24,2.3,7.02712584,35.1356292,7.780298213512537,31.221245260800455
2024-02-29,5.2915,5.2975,23.63,55.64,2.12,7.98074613,39.90373065,7.063548156241602,31.57055170773438
2024-03-01,5.7559,5.7602,22.88,52.12,2.3,8.707065047999999,43.53532524,7.869994579449898,33.95243136488468
2024-03-02,5.6489,5.6556,23.54,49.97,1.9,8.522834364000001,42.61417182,8.102868828976627,33.59412401280824
2024-03-03,4.8504,4.9951,24.59,53.34,2.13,7.287531983999999,36.43765992,8.049176717722457,36.77030582220932
2024-03-04,3.5642,5.0035,24.71,56.83,1.94,5.352501708,26.762508540000006,7.83399595292089,31.438728647514612
2024-03-05,5.7617,5.772,24.84,63.51,2.97,8.648081232,43.24040616,8.684940731277024,34.00440497162021
2024-03-06,6.2894,6.305,23.8,41.3,2.62,9.479383679999998,47.39691839999999,7.708678967967409,35.034814385600214
2024-03-07,4.7866,6.0732,23.89,42.21,2.32,7.211778756,36.058893780000005,8.02324813653917,31.733933758135247
2024-03-08,6.1058,6.1133,24.18,44.79,2.39,9.188740536,45.94370268000001,8.333721706956332,35.21492799973366
2024-03-09,6.5088,6.522,23.21,42.25,2.95,9.833104512,49.16552256,8.11232194084138,31.846394705529875
2024-03-10,6.4589,6.4675,22.76,39.2,2.39,9.775157616000001,48.87578808,8.785616280944954,34.519178685250345
2024-03-11,6.2316,6.2462,24.11,36.37,1.96,9.380676744,46.90338372,8.19403142415072,33.167348750207765
2024-03-12,5.3292,5.5649,26.08,45.58,2.5,7.959266784,39.79633392,8.048528689210114,33.0210411871743
2024-03-13,5.4053,5.5567,27.4,63.23,2.54,8.030113680000001,40.150568400000004,8.193214348278898,34.31584516499123
2024-03-14,3.3571,4.837,27.83,69.53,2.18,4.9786464420000005,24.893232209999997,8.169548739444714,35.60194549036281
2024-03-15,5.2507,5.3266,28.14,64.47,1.62,7.777126812,38.88563406,8.311957953569435,36.93754196839717
2024-03-16,5.0659,5.3323,28.09,66.23,1.72,7.504928214,37.52464107,9.509148572613855,33.81447968525257
2024-03-17,5.2226,5.5015,28.12,61.95,2.03,7.736132927999999,38.680664639999996,9.17602699485055,34.40590418672234
2024-03-18,3.1565,4.8866,28.29,57.94,1.09,4.67244069,23.36220345,8.325770287800587,36.05466366720689
2024-03-19,3.8309,4.9572,27.68,59.98,2.08,5.684749128000001,28.423745640000007,8.81287973722064,36.636290294598446
2024-03-20,1.4323,5.1768,23.9,73.44,1.62,2.15790318,10.789515899999998,9.946440740701972,35.03397465523699
2024-03-21,4.8458,5.8541,24.24,68.3,1.27,7.2907968479999985,36.45398424,9.098912530993912,36.90704456526632
2024-03-22,5.2483,5.8368,24.52,61.5,1.69,7.887565104,39.43782552,9.174301419811133,38.658601766356234
2024-03-23,5.8106,5.8337,26.43,56.68,2.19,8.666045052,43.330225260000006,9.05061668642111,39.2100640613403
2024-03-24,4.8374,5.7564,28.01,64.47,2.98,7.168736556,35.843682779999995,8.728228795496785,38.672737942358175
2024-03-25,4.4052,5.2774,28.06,63.19,2.17,6.526920527999999,32.63460264,9.990502367390146,37.0520746217014
2024-03-26,5.7974,5.9083,28.57,64.66,2.45,8.571919692,42.85959846,9.342285763516582,35.09999802335709
2024-03-27,4.1882,5.7701,28.91,62.61,1.73,6.184044828,30.920224140000006,9.906965502424296,38.17107999958091
2024-03-28,4.4479,5.5682,28.63,58.92,2.03,6.574974737999999,32.87487369,9.633679664131318,38.387220316287
2024-03-29,3.5609,5.0071,29.35,64.17,2.02,5.24841051,26.24205255,8.942512061135027,41.20813752906616
2024-03-30,4.0212,4.8194,30.41,66.51,2.64,5.901271848,29.506359240000002,9.775082104239265,37.69882420751506
2024-03-31,5.8241,6.0178,30.85,64.7,3.36,8.531724089999999,42.65862045,9.208426751823133,38.570529117429366
2024-04-01,6.4474,6.5136,30.95,57.99,3.21,9.440927819999999,47.2046391,9.683723465467814,39.549327201900596
2024-04-02,6.5599,6.6559,30.99,55.41,2.34,9.604087194,48.02043597000001,9.658425700955263,40.67872826676406
2024-04-03,6.6067,6.7169,30.86,53.14,2.9,9.677758428,48.38879214000001,10.105638996583668,42.321654815015755
2024-04-04,6.1668,6.2419,31.74,58.89,3.4,9.000814607999999,45.00407304000001,9.337962159821457,41.96650150226953
2024-04-05,4.5262,5.2615,32.29,56.68,2.75,6.591324012000001,32.95662006,11.494010881749348,41.08099911712929
2024-04-06,6.1982,6.306,32.87,53.32,2.56,9.004620996,45.02310498,10.652618773224933,38.488669803822376
2024-04-07,2.6534,5.5025,32.48,55.84,2.64,3.8610154080000005,19.30507704,10.139018464255182,42.055325451147645
2024-04-08,2.1175,5.5807,31.47,41.09,4.01,3.0940486500000004,15.470243250000001,11.551680179142057,44.3014884323966
2024-04-09,5.2073,6.275,31.35,38.44,2.21,7.61255187,38.06275935,11.285281285640036,44.11385813148436
2024-04-10,3.7841,5.923,30.64,38.71,2.17,5.548096055999999,27.74048028,11.409694950338347,41.84905712104138
2024-04-11,3.4834,5.5502,31.13,38.84,1.71,5.096980548,25.484902740000003,11.242910496269596,44.66305048475469
2024-04-12,5.6311,6.1001,31.8,36.27,1.73,8.21690112,41.0845056,10.768676473890723,43.15631834104057
2024-04-13,5.8438,6.138,31.68,38.7,1.71,8.531480495999999,42.65740248000001,11.015442526154414,44.14616373531934
2024-04-14,5.6489,5.9078,32.79,36.7,1.63,8.209320414,41.046602070000006,10.826787017338438,41.49767624237615
2024-04-15,5.3789,5.4204,33.43,39.62,1.99,7.796285237999999,38.98142619000001,11.645437899497885,43.73656151038346
2024-04-16,5.2714,5.6273,34.16,44.48,3.22,7.617383856,38.08691928,11.21463920620724,45.159733589746054
2024-04-17,5.3422,6.2158,34.22,50.16,3.45,7.717769496000001,38.58884748,11.081882902956044,42.72794282228258
2024-04-18,6.114,6.5652,33.97,46.23,2.39,8.841944519999998,44.209722600000006,10.686195362232251,44.227685363695635
2024-04-19,6.893,6.9127,34.1,47.26,4.65,9.9631422,49.81571099999999,10.678921965095663,42.840254090390395
2024-04-20,7.2667,7.2713,35.31,43.91,5.05,10.450531938,52.25265969,10.814066265080353,46.19586222372443
2024-04-21,6.883,6.9696,35.23,47.32,3.56,9.90202146,49.5101073,11.511430377458,46.72738094146589
2024-04-22,6.031,6.8878,35.48,39.62,2.84,8.667270720000001,43.336353599999995,11.980096166859672,44.849184235182314
2024-04-23,5.8882,6.3377,34.64,30.81,2.89,8.491726512,42.458632560000005,11.177869972738776,44.46957087959808
2024-04-24,6.2491,6.5626,35.27,37.6,3.57,8.988580458000001,44.942902290000006,12.02190691242761,48.36473178151523
2024-04-25,6.6019,6.787,35.73,35.81,2.49,9.477819678,47.389098389999994,11.902993432760871,49.18596300434442
2024-04-26,6.5254,6.701,35.19,43.12,3.53,9.389137044,46.94568522,11.563187370511466,47.460931492483525
2024-04-27,6.1874,6.6888,35.61,43.9,3.29,8.887210116,44.43605058,11.69335023815967,48.74994063038957
2024-04-28,6.1862,6.4889,36.03,45.86,3.84,8.869897284,44.34948642,11.815024794912603,47.74522015692089
2024-04-29,6.8897,6.9094,36.31,39.77,3.24,9.867014958,49.33507479000001,12.364074755516056,46.99810405940169
2024-04-30,6.7356,6.7644,37.23,38.47,4.53,9.609141672000002,48.04570836,12.438930926761971,49.66006456564949
2024-05-01,6.7711,7.0051,36.76,38.92,2.68,9.678881184,48.39440592,12.639218152125189,48.80506289702259
2024-05-02,6.4181,6.5988,35.84,38.91,3.74,9.209716776,46.048583879999995,12.197047676367921,49.05750203690723
2024-05-03,7.1856,7.273,34.87,34.49,1.72,10.352868768,51.764343839999995,12.405155860238276,47.78666304806893
2024-05-04,6.047,6.7459,33.82,49.13,3.72,8.75049276,43.7524638,13.164618331419028,51.79458585882416
2024-05-05,6.1296,6.7363,34.12,53.55,5.52,8.858988288,44.29494144,12.561581132927385,45.40604997721637
2024-05-06,4.1345,6.0919,31.61,68.44,5.12,6.037775730000001,30.18887865,12.431978045437141,51.42744641088348
2024-05-07,5.8111,6.4826,30.03,66.97,2.44,8.541271002,42.706355009999996,12.416981025177922,51.04115369872785
2024-05-08,5.1518,6.5299,27.52,79.6,1.74,7.649804784,38.24902392,12.471921366184281,49.922426810162996
2024-05-09,5.0419,6.4301,28.33,72.96,1.35,7.462112838,37.31056419,11.518106817539499,47.13088974169552
2024-05-10,6.0014,6.2959,28.31,76.33,1.78,8.882912196,44.41456098,11.936330342699291,46.13560729387612
2024-05-11,4.4462,6.1673,28.51,79.87,2.41,6.575663027999999,32.878315140000005,11.096047420155179,45.99451170358602
2024-05-12,5.3371,6.0576,28.66,79.18,1.97,7.8884472840000015,39.44223642,10.234917029760721,42.512820686723984
2024-05-13,6.1656,6.637,29.12,77.29,1.6,9.095986368,45.47993184,10.876533970799715,42.53809860936489
2024-05-14,6.4104,6.811,29.98,73.33,1.72,9.424057248,47.12028624,10.127991782555334,45.8743417277393
2024-05-15,6.3905,6.6742,29.61,75.38,2.17,9.40898877,47.04494385,11.223968530632556,42.58227714845774
2024-05-16,5.9741,6.4589,30.3,73.31,1.98,8.77117362,43.8558681,11.099923659334456,40.85762054023683
2024-05-17,5.3222,5.7466,30.89,69.82,3.02,7.795213452,38.97606726,9.896899647311674,42.52781508372397
2024-05-18,3.3934,5.9366,31.35,72.99,3.02,4.96081146,24.804057300000007,11.070234087992231,43.02656325967213
2024-05-19,4.0022,5.4648,31.49,70.83,3.06,5.847454332000001,29.237271660000005,10.860907584551239,40.99884845909952
2024-05-20,3.5213,6.2532,31.0,71.74,2.13,5.1551832,25.775916000000002,10.502829388212994,43.72252544953268
2024-05-21,5.5399,6.1642,30.82,73.16,1.35,8.116396692,40.581983460000004,11.205631374839072,41.449483727226045
2024-05-22,5.075,6.269,30.99,73.59,1.81,7.4301045000000006,37.1505225,10.466257451732345,42.697339104122534
2024-05-23,6.725,6.845,31.73,68.69,1.72,9.815944499999999,49.079722499999995,10.504072935124375,43.54546048083302
2024-05-24,7.1474,7.2274,32.55,67.16,2.35,10.39732278,51.98661390000001,10.58633351590015,44.118103899666586
2024-05-25,6.9826,7.4352,32.38,69.8,2.65,10.164710472000001,50.823552359999994,11.17532441169088,43.033628956118775
2024-05-26,3.4942,7.5926,29.41,85.61,8.51,5.148843468000001,25.74421734,10.834425685515708,42.1756926255373
2024-05-27,0.9271,6.6766,28.45,90.83,12.82,1.3714590299999998,6.857295150000001,11.135588928236876,43.655566517746685
2024-05-28,5.4715,6.7906,29.57,84.31,4.9,8.05722147,40.286107349999995,10.784103768900154,40.62144925664464
2024-05-29,4.1952,5.8063,30.54,87.02,5.07,6.153351552,30.76675776,11.254701710793338,43.39668951308954
2024-05-30,4.7489,5.9614,30.49,85.13,5.24,6.966921234000001,34.834606169999994,11.467824581634508,42.8114353278972
2024-05-31,3.0763,6.2666,29.9,85.88,3.7,4.52400678,22.6200339,11.602689333634144,45.01226254605355
2024-06-01,5.945,6.5983,29.97,83.39,3.51,8.7402201,43.7011005,13.439086321001412,52.18783292458555
2024-06-02,5.2382,6.3098,30.0,83.67,4.1,7.700154,38.500769999999996,12.7653689946071,48.81148377568131
2024-06-03,5.5126,6.1884,29.2,86.54,3.62,8.12998248,40.6499124,12.963262939161117,54.299249966084865
2024-06-04,5.0738,6.1543,29.56,86.44,3.26,7.471880832,37.35940416,12.997140842133096,50.65632397003517
2024-06-05,6.1361,6.4867,30.1,82.98,2.33,9.016385340000001,45.081926700000004,13.43652157938583,50.456039503333656
2024-06-06,4.9553,5.9945,30.02,85.49,2.25,7.283696364,36.418481820000004,11.688966076547718,51.230102922791836
2024-06-07,5.5123,6.1457,30.38,83.19,2.75,8.090512956,40.45256478,12.43225573640358,50.884049591262986
2024-06-08,5.3616,5.9952,30.75,81.53,4.16,7.8574248,39.287124000000006,12.478806573875538,49.6332327971134
2024-06-09,4.7743,5.8541,30.15,86.36,3.63,7.01392413,35.069620650000005,11.403539270516813,49.88359917175632
2024-06-10,4.8295,5.7533,29.59,89.17,3.29,7.11124557,35.55622785,12.549620434056923,51.456971301265355
2024-06-11,5.6784,6.0065,29.15,88.69,3.94,8.376207840000001,41.881039200000004,12.456689493891961,53.07834624847341
2024-06-12,4.794,5.7811,29.67,82.02,3.79,7.056672119999999,35.283360599999995,13.123664257701325,50.7641861892052
2024-06-13,3.8357,4.9982,29.9,84.99,4.36,5.6407804200000005,28.2039021,12.17784439072732,48.43971112036014
2024-06-14,4.8542,6.2345,30.19,86.68,4.37,7.130140212,35.650701059999996,12.824542533755535,50.06879801547028
2024-06-15,4.0289,5.6318,30.19,86.5,4.51,5.917890054,29.58945027,12.113310323465297,49.737032899702875
2024-06-16,4.0783,5.837,30.71,82.78,3.94,5.977727442,29.88863721,12.746058975967916,50.31792955072915
2024-06-17,4.0361,6.0679,29.75,86.2,4.47,5.93912115,29.695605750000002,13.579977663860731,49.65920878000687
2024-06-18,2.8867,6.0401,30.26,84.99,5.78,4.238945748,21.19472874,12.074579478996101,50.321869324761884
2024-06-19,1.813,5.8536,28.81,91.19,4.79,2.67805482,13.3902741,12.549463662208751,49.80736075307316
2024-06-20,2.7254,6.1063,29.18,85.89,3.38,4.019746968,20.098734840000002,13.569231822298192,51.593951527417495
2024-06-21,4.741,6.5609,29.35,84.73,1.51,6.9877598999999995,34.9387995,11.937987665478742,48.3037255493375
2024-06-22,4.3608,7.0392,29.55,83.23,2.17,6.42215016,32.110750800000005,12.928202601489494,50.66267077618451
2024-06-23,6.024,7.0339,29.94,82.03,2.34,8.85744864,44.2872432,13.161072265719351,49.379528397194804
2024-06-24,6.1277,7.0805,29.2,85.96,2.59,9.03713196,45.1856598,12.183340875912231,49.706417036064195
2024-06-25,6.4049,7.0289,29.75,83.88,2.8,9.42481035,47.12405175,12.270736690517683,50.180852639985204
2024-06-26,5.093,7.1371,30.12,82.39,2.49,7.483043039999999,37.4152152,12.12116378257704,51.08359788646219
2024-06-27,4.8682,7.2662,28.91,88.72,4.02,7.188092028,35.94046014,12.463020760495105,51.00641144701425
2024-06-28,4.0627,7.3853,29.69,85.22,4.49,5.979725622000001,29.89862811,11.982304036786545,51.30242203140918
2024-06-29,3.6576,7.3277,29.01,89.38,3.54,5.398398144,26.99199072,12.585174995552405,47.093375559481615
2024-06-30,2.472,7.2463,28.8,91.71,3.8,3.6516384000000004,18.258192,12.344722306962437,50.126232651299155
2024-07-01,2.46,6.9588,28.22,91.72,5.11,3.6424727999999997,18.212364000000004,12.609653512430054,49.5971052156589
2024-07-02,2.641,6.8018,28.53,89.29,4.7,3.90556362,19.5278181,13.059819988402129,50.33508797726277
2024-07-03,2.7677,7.2144,28.15,89.94,4.59,4.099240470000001,20.496202350000004,11.79923440928977,48.59263621074152
2024-07-04,3.5239,7.3049,28.28,92.05,4.73,5.216499648,26.082498239999996,12.014468144264594,48.799965272376944
2024-07-05,2.6484,6.9749,29.0,88.49,4.44,3.9090384,19.545192,11.539572466568545,47.345867430712204
2024-07-06,3.2801,7.0358,28.97,88.38,3.08,4.842018017999999,24.21009009,12.617206215277657,46.19587656087893
2024-07-07,5.1214,7.2247,28.91,87.5,2.45,7.561951956000001,37.80975978000001,11.70834956604113,48.76010406013361
2024-07-08,5.4718,6.9562,28.78,86.62,3.11,8.083599576,40.41799788,12.318617601955756,48.87571756946452
2024-07-09,4.637,7.0409,29.38,86.55,3.29,6.8336396399999995,34.1681982,12.201131641449372,47.78560243692804
2024-07-10,5.5066,6.99,29.3,86.53,3.99,8.11782972,40.589148599999994,11.534181057684831,46.71484217294804
2024-07-11,3.4435,6.8794,29.06,89.46,4.43,5.081366339999999,25.406831699999994,12.4550491458427,48.06975719261507
2024-07-12,2.6806,6.9007,28.68,88.83,3.87,3.961712352,19.808561760000003,12.62566193783441,46.930340622188005
2024-07-13,5.2368,6.9228,29.26,84.78,2.16,7.721347391999999,38.60673695999999,12.1531613034971,47.72754980324082
2024-07-14,5.8409,7.1042,29.37,86.41,3.02,8.608201602,43.041008010000006,11.909208482058853,49.85284182504846
2024-07-15,5.4382,7.2595,29.04,88.34,4.66,8.025478032,40.127390160000004,11.764137621929997,52.14793612991785
2024-07-16,4.5684,7.1436,29.25,89.96,3.94,6.736105799999999,33.680529,11.653055896172049,48.587703159647766
2024-07-17,5.665,7.2055,29.25,88.14,3.12,8.3530425,41.7652125,12.03282758073247,46.72835578555019
2024-07-18,6.2246,6.9965,29.54,87.5,3.51,9.167341896,45.83670948,11.93327552748555,49.949969088348155
2024-07-19,6.0787,7.1626,29.56,86.91,5.73,8.951736768,44.75868384,12.47045762252472,47.943330925380984
2024-07-20,5.118,7.2295,29.32,85.84,5.78,7.544341440000001,37.721707200000004,12.13186046354905,49.91688560351751
2024-07-21,5.2135,7.2739,28.86,88.42,5.44,7.69950534,38.4975267,11.588011678710199,45.9215139801925
2024-07-22,4.1978,7.2602,28.7,89.9,5.04,6.20350884,31.0175442,12.096680105681418,49.936322124796796
2024-07-23,5.1353,7.2727,29.26,86.82,4.24,7.571691731999999,37.85845866,11.782452426812618,52.09611073605845
2024-07-24,4.2898,7.133,29.48,87.22,3.64,6.319390175999999,31.596950879999994,12.684213639378852,48.88332019364017
2024-07-25,5.676,7.1621,29.71,86.63,2.49,8.35359624,41.76798120000001,12.181192305372168,47.74314014520932
2024-07-26,5.9352,7.3454,29.8,86.94,4.97,8.731866239999999,43.659331200000004,12.594832744369603,45.69177511805589
2024-07-27,5.0537,7.2547,29.06,89.23,6.0,7.457441868,37.28720934,12.784488329973744,51.10441960899246
2024-07-28,5.3796,7.1582,29.53,86.65,3.73,7.923182472,39.61591236,12.090441523183038,50.1899506899802
2024-07-29,4.9229,7.1237,29.75,87.88,3.79,7.244047350000001,36.220236750000005,11.38300198159401,50.66928663177293
2024-07-30,3.9115,6.8969,28.8,91.08,3.82,5.7780678000000005,28.890339,11.976806641976317,48.64887638231605
2024-07-31,4.5427,7.0241,28.34,94.0,2.65,6.723014291999999,33.61507146,12.57161693598317,48.55374151114656
2024-08-01,2.4746,7.3502,27.73,93.55,3.97,3.6713660519999998,18.35683026,11.948879205746268,50.01202760900467
2024-08-02,2.0494,7.2926,27.69,93.45,5.89,3.0410226839999996,15.20511342,11.494256504883577,50.13989284014778
2024-08-03,2.0431,6.9144,27.71,93.18,5.14,3.031429194,15.157145969999998,11.870696388917459,50.105241037250025
2024-08-04,4.4316,6.8796,28.51,88.56,3.48,6.554070504000001,32.77035252,12.343960431776358,52.01278234720859
2024-08-05,2.9868,6.7774,28.75,88.53,2.83,4.412997,22.064985000000004,12.726863631667197,49.37423970489197
2024-08-06,5.0993,6.6756,28.42,91.52,3.17,7.5443123640000005,37.721561820000005,11.899929006291854,46.97628292221073
2024-08-07,5.2812,6.847,28.0,92.5,4.49,7.8267384,39.133691999999996,12.778659671540549,46.80882018387364
2024-08-08,4.7066,6.551,27.85,91.42,3.58,6.97941714,34.897085700000005,11.38908529702015,49.15567975917769
2024-08-09,4.1033,6.774,27.95,92.17,3.38,6.082321589999999,30.41160795,12.611841694148659,45.95893593502329
2024-08-10,4.5127,6.8021,28.87,89.49,3.27,6.664265105999999,33.32132552999999,12.100816444104195,48.50427640272144
2024-08-11,2.7912,6.1584,28.58,91.22,2.67,4.126845024,20.634225119999996,11.84800405220385,49.25717083772772
2024-08-12,3.9842,6.1942,28.65,91.04,2.8,5.88904602,29.4452301,12.235720715956404,48.478729778786004
2024-08-13,4.2034,6.473,29.35,89.4,2.21,6.195391260000001,30.976956300000005,13.021360070215003,45.666971560113524
2024-08-14,5.0755,6.6182,28.65,91.76,2.53,7.50209655,37.51048275,12.064561893269662,47.954520074216674
2024-08-15,5.172,6.6408,28.76,90.2,2.79,7.641319679999999,38.2065984,11.904020357926893,47.16689804558663
2024-08-16,4.3344,6.8273,28.28,92.28,2.03,6.416299007999999,32.08149503999999,12.721479329090895,47.53402130367953
2024-08-17,5.4211,6.7646,27.83,91.55,3.05,8.039599722,40.19799861,12.79399788489349,49.30584971221027
2024-08-18,2.2286,6.9595,27.85,94.4,4.18,3.30479094,16.5239547,11.672326752914229,48.707710686782434
2024-08-19,2.8932,6.9718,27.6,94.76,2.65,4.294666080000001,21.473330400000002,11.745284387507672,47.21475200710371
2024-08-20,4.3066,6.5885,28.34,92.0,3.6,6.373595736,31.86797868,12.354514904187033,49.50404058263296
2024-08-21,2.9887,6.3437,28.16,95.34,4.0,4.426384248000001,22.13192124,11.621870005057753,46.221379279921344
2024-08-22,2.5524,6.4968,28.07,93.68,3.73,3.781584792,18.90792396,11.695854139500929,46.932596604911275
2024-08-23,3.9024,6.6626,27.76,93.04,2.54,5.788976256,28.94488128,13.351206215906892,45.75921484754745
2024-08-24,4.686,6.6204,27.08,94.13,3.08,6.97051872,34.8525936,11.818508400804692,47.353524654715905
2024-08-25,2.448,6.8306,27.08,92.29,2.23,3.6414489599999995,18.207244799999998,11.404971982719443,48.264903888127876
2024-08-26,2.449,6.8198,26.89,94.38,3.91,3.64572834,18.2286417,11.938073544106404,48.34686057447227
2024-08-27,3.5731,6.84,26.95,92.24,2.52,5.31784473,26.58922365,11.592793073472485,45.155505647616586
2024-08-28,5.2476,6.8314,27.6,90.2,2.13,7.789537440000001,38.9476872,11.023145298750679,48.07987599903758
2024-08-29,6.3696,6.7138,27.98,89.18,2.26,9.440511552,47.20255776,11.259580995077025,46.26069442843601
2024-08-30,5.6004,6.5316,27.85,89.65,2.29,8.30483316,41.5241658,11.934151662672937,47.52334928492359
2024-08-31,5.3014,6.6449,28.25,91.04,3.16,7.8487227,39.2436135,12.286658475847101,47.009459005447866
2024-09-01,4.0706,6.5002,27.96,91.71,2.8,6.033606144,30.16803072,9.340392714006493,37.66794999472677
2024-09-02,5.4108,6.6379,28.3,88.73,1.9,8.00906616,40.0453308,10.222763815727834,38.61693253219047
2024-09-03,3.5172,6.4238,28.7,87.36,1.68,5.19771816,25.988590799999997,9.675553607979882,38.186091922849656
2024-09-04,5.039,6.3494,28.19,89.63,2.04,7.462053539999999,37.310267700000004,8.070860783687133,37.396192938263454
2024-09-05,5.2447,6.3139,28.1,89.87,1.95,7.7694985800000005,38.847492900000006,9.29635671457804,36.95030502890618
2024-09-06,4.7765,6.5316,29.08,82.95,1.6,7.047821280000001,35.239106400000004,8.761839431248173,39.33197105290007
2024-09-07,5.6623,6.5734,28.11,90.5,2.44,8.387791481999999,41.93895741000001,9.197378097065517,39.48529792031968
2024-09-08,5.7293,6.5146,28.56,90.82,3.28,8.471572151999998,42.35786076,10.491345005900783,40.92251489140485
2024-09-09,5.2726,6.5134,28.44,92.03,4.31,7.800073535999999,39.00036768,9.816356451843896,38.640726100094184
2024-09-10,4.8365,6.4942,28.6,91.15,3.72,7.1502816,35.751408,10.115526077816424,40.03541028875907
2024-09-11,5.1134,6.4651,28.72,92.39,2.06,7.555968912000001,37.779844559999994,10.700308506621665,40.41129979760805
2024-09-12,4.1381,6.5194,29.28,88.24,1.97,6.100883592,30.504417959999998,9.072731291298448,37.56512803713505
2024-09-13,4.5168,6.3475,28.42,92.89,3.47,6.682515264,33.41257632,10.345619566257124,40.908991286035
2024-09-14,1.7275,6.6437,27.13,94.88,8.24,2.56917255,12.845862749999998,9.262181324500059,39.86453780603489
2024-09-15,1.1004,6.1824,26.79,95.05,8.65,1.6387817040000001,8.19390852,9.515452583171987,39.53110246902845
2024-09-16,1.506,5.9398,27.18,93.91,6.66,2.23930152,11.1965076,9.718910261420495,37.26282276681009
2024-09-17,5.3765,6.0816,28.12,89.3,2.74,7.96410192,39.8205096,9.253866137381165,39.775370454521294
2024-09-18,5.4754,5.9201,28.97,83.77,1.14,8.082675971999999,40.41337986,9.652916484210188,37.81010100740925
2024-09-19,5.6971,5.9822,28.77,88.19,2.25,8.416781598,42.08390798999999,9.477781434854721,39.264422384821295
2024-09-20,6.0343,6.0761,29.57,87.49,1.93,8.885989493999999,44.42994747,9.656210921824293,36.81562039815009
2024-09-21,4.5708,5.4898,29.15,88.73,1.79,6.74238708,33.7119354,11.296693624309741,38.0535582093697
2024-09-22,5.8214,6.1514,29.33,88.0,2.02,8.580860027999998,42.90430014,10.115625244742851,40.57131350167302
2024-09-23,4.2197,6.1217,29.1,91.79,1.72,6.225745379999999,31.128726899999997,10.74133669189275,42.290983528293516
2024-09-24,4.3198,6.0053,27.89,93.17,3.25,6.404794667999999,32.02397334,10.304108752571212,39.143097976582176
2024-09-25,2.0628,6.1387,27.12,94.0,3.96,3.067961184,15.33980592,9.654838927819025,38.27758914068055
2024-09-26,2.0088,6.1006,26.99,95.1,3.43,2.989214928,14.94607464,10.1551709314126,39.862187385918794
2024-09-27,4.0118,6.0252,27.44,92.13,3.22,5.9589672479999996,29.794836240000002,9.571446543709245,39.40254035644014
2024-09-28,4.7906,6.0917,28.04,90.66,2.82,7.098519456000001,35.492597280000005,9.86544782438518,41.93248445594479
2024-09-29,4.0829,5.5716,28.66,89.89,2.77,6.034689516000001,30.173447580000005,9.881762136567607,40.78832271374624
2024-09-30,3.4414,5.3546,28.76,90.01,2.52,5.084462016,25.42231008,10.103869965836545,40.69521655326462
2024-10-01,3.0684,5.226,29.04,89.78,1.62,4.528221984,22.64110992,10.050219876912143,39.81010528586939
2024-10-02,3.5546,5.4276,28.76,88.51,1.61,5.251708224,26.25854112,9.455601824126905,39.67168067167349
2024-10-03,1.5317,5.4655,27.28,92.33,2.44,2.276596344,11.38298172,8.888850878355546,37.7348528386946
2024-10-04,2.2044,4.9478,27.13,92.9,2.99,3.2784277680000007,16.39213884,9.30663208849447,40.05626807565841
2024-10-05,2.3844,4.3891,27.28,93.05,2.76,3.543981408,17.71990704,9.60672748751383,39.21026574018287
2024-10-06,3.2604,5.22,27.4,90.6,2.19,4.8436502400000006,24.2182512,10.152237292880839,38.425939179548365
2024-10-07,4.4926,5.5406,27.52,88.02,1.41,6.670971888000001,33.354859440000006,10.03728875062797,36.52183006228755
2024-10-08,4.265,5.3052,27.55,88.01,1.48,6.332245499999999,31.6612275,10.171457266854912,39.78575694539388
2024-10-09,3.4661,4.6464,27.46,88.26,1.69,5.147990364,25.73995182,9.888906127479176,39.07476140212984
2024-10-10,3.6442,4.4882,27.2,91.08,2.32,5.41819656,27.0909828,9.15511006482638,40.57076400522953
2024-10-11,3.6809,4.4642,27.61,89.99,2.56,5.463707106,27.31853553,9.775062224041129,37.08799450768524
2024-10-12,3.4447,4.4342,28.27,86.18,1.74,5.099464986,25.49732493,9.52273606210617,40.35806667514088
2024-10-13,4.3898,4.65,27.82,85.36,1.6,6.510424584,32.55212292,10.173603024015902,40.00937481962165
2024-10-14,4.3666,4.8559,27.03,84.17,1.87,6.496714812,32.483574059999995,8.8865781633185,37.15155015746912
2024-10-15,3.9396,4.6332,27.77,79.62,0.98,5.843923848,29.21961924,9.069244577447042,38.70684820873653
2024-10-16,3.5964,4.6642,27.63,81.83,1.02,5.337848808,26.68924404,9.810715252891686,41.83625340234767
2024-10-17,2.4624,4.1446,28.12,83.75,1.41,3.6475038719999997,18.237519360000004,9.471962667022577,38.57370922039717
2024-10-18,2.1768,3.7699,27.59,86.97,1.69,3.231372528,16.15686264,8.789504441684269,38.71896748271412
2024-10-19,3.0526,3.7068,27.59,86.92,1.35,4.531462596,22.65731298,9.481725437492203,40.077102954813185
2024-10-20,4.416,4.5146,25.96,86.55,2.28,6.598563840000001,32.99281920000001,9.955511425944692,39.189349038910805
2024-10-21,4.4654,5.0155,25.19,86.8,2.42,6.693009444,33.465047219999995,10.413806363250087,38.62136059843648
2024-10-22,5.0412,5.129,26.27,84.62,1.91,7.523386056,37.61693028,9.940778176863404,37.497884778247574
2024-10-23,2.1943,5.0246,26.54,91.12,2.45,3.2711746680000005,16.355873340000002,10.254411800561403,36.381596342789706
2024-10-24,1.3174,5.0558,25.57,93.79,6.23,1.971594492,9.857972460000001,9.41091912208297,37.11655485324933
2024-10-25,1.3183,4.7798,26.9,91.12,5.3,1.9624213800000003,9.8121069,9.718900761009277,38.83553504291527
2024-10-26,3.8434,4.8502,27.11,90.95,3.27,5.7164425560000005,28.58221278,9.572545677643566,37.56225803969251
2024-10-27,4.7688,4.8554,27.07,85.55,1.41,7.093971504000001,35.46985752,9.565885653798626,37.899518107136274
2024-10-28,4.8221,4.9474,27.53,82.79,1.08,7.159950522,35.79975260999999,8.808284478857088,37.286015030386025
2024-10-29,4.6426,4.842,27.38,83.04,1.1,6.897603672,34.488018360000005,8.776098735060046,36.2760747245034
2024-10-30,4.3697,4.8173,27.01,87.22,1.84,6.501851417999999,32.50925709,9.123540981842538,36.23710797364064
2024-10-31,3.6283,4.6349,27.13,88.72,2.04,5.396080326,26.980401630000003,9.185741188497566,38.93977073398463
2024-11-01,3.7908,3.9679,26.65,87.13,2.26,5.64867108,28.243355400000002,8.998772625167225,36.22651467214016
2024-11-02,4.0025,4.177,25.41,83.01,1.92,5.993903850000001,29.969519250000005,9.506024940130438,37.6702246834124
2024-11-03,3.929,4.3687,25.83,75.21,0.99,5.873933579999999,29.369667900000003,10.422273616810816,38.103419875800135
2024-11-04,4.2689,4.2816,25.33,79.21,1.34,6.394897578000001,31.974487890000002,8.633575305710675,36.52852915816358
2024-11-05,3.9485,4.397,25.19,84.07,2.13,5.91824871,29.59124355,8.930970332385252,35.54185453320367
2024-11-06,4.5996,4.6505,25.39,84.63,1.71,6.888636936,34.44318468,8.404044427816071,34.544583642348144
2024-11-07,4.5178,4.7885,24.58,86.61,2.22,6.788084855999999,33.94042428,9.304433335411215,36.5616638364528
2024-11-08,4.9961,5.0232,24.24,84.08,2.26,7.516932216,37.58466107999999,8.182885386561626,35.58348214882038
2024-11-09,4.9939,5.0443,24.22,83.9,2.23,7.514221452,37.571107260000005,9.206509083598814,36.48130774907819
2024-11-10,4.9634,5.0088,23.76,82.17,2.18,7.482027696,37.41013848,10.423064735383633,36.31356908124098
2024-11-11,4.6109,4.8454,23.76,81.53,2.02,6.950655096,34.75327548,8.933010103556757,35.901687450346884
2024-11-12,4.3649,4.71,24.04,81.7,2.14,6.572491824,32.86245912,8.913250682115834,34.76876665816764
2024-11-13,4.524,4.5842,22.79,81.84,2.51,6.84598824,34.2299412,8.28741719974459,35.73150436898672
2024-11-14,4.278,4.3639,22.33,84.69,2.58,6.48553356,32.427667799999995,8.558006875960734,34.00689314638224
2024-11-15,4.2082,4.2391,21.77,83.29,2.35,6.3938549159999996,31.969274579999997,7.784360586317609,32.90567035862378
2024-11-16,4.0822,4.0848,21.13,82.21,2.44,6.2180886840000005,31.09044342,8.03711538456545,30.546904978801855
2024-11-17,4.0483,4.0526,20.97,73.9,1.64,6.170337893999999,30.85168947,8.733066930528073,31.765738405390646
2024-11-18,4.4153,4.4292,21.35,71.69,1.2,6.71964507,33.59822535,8.479035568301912,35.09141578014489
2024-11-19,4.6882,4.7275,20.83,72.5,1.59,7.149598764,35.747993820000005,7.6935323637563355,32.47017862654191
2024-11-20,4.5768,4.6034,20.6,73.24,1.48,6.986027520000001,34.9301376,8.688685024488645,31.46609127846752
2024-11-21,4.2324,4.375,21.35,73.0,1.48,6.4412895599999995,32.2064478,7.966513088103053,31.248063284072305
2024-11-22,4.0466,4.157,21.54,71.88,1.58,6.153907416,30.76953708,8.476239748995132,30.379752061816536
2024-11-23,3.7097,3.9566,21.46,80.67,1.91,5.6433440280000005,28.216720139999996,7.612039164426001,30.20675219097124
2024-11-24,3.6382,3.7867,20.04,82.77,2.28,5.565572832000001,27.827864159999997,8.144507074909408,29.96583098825044
2024-11-25,3.5105,3.7373,19.61,77.84,2.27,5.37927957,26.89639785,7.752315074134403,27.590750908355535
2024-11-26,3.7726,3.8671,19.47,80.41,2.13,5.784074867999999,28.92037434,8.430209641755644,29.892422526069094
2024-11-27,4.0226,4.187,20.33,81.9,2.02,6.146613251999999,30.73306626,7.267310459495233,30.59462251952831
2024-11-28,4.0524,4.253,20.79,82.92,2.17,6.180963623999999,30.90481811999999,7.628863242347434,30.265530362958774
2024-11-29,3.642,4.3373,21.5,81.83,2.16,5.5394820000000005,27.69741,6.382370396818131,27.292738261612374
2024-11-30,2.2082,4.3572,21.59,83.26,2.3,3.357479772000001,16.787398860000003,6.730119463769368,26.265107358297442
2024-12-01,3.8086,4.1443,20.27,82.51,2.48,5.820988068000001,29.10494034,7.661462895415956,30.20499359516965
2024-12-02,2.9606,3.9017,20.09,81.33,2.4,4.528119276000001,22.64059638,6.578787583650268,28.201594831357784
2024-12-03,4.0222,4.0666,20.18,80.66,2.65,6.149622023999999,30.748110119999996,7.703154153679308,31.314718907916035
2024-12-04,3.8273,3.8407,19.64,76.25,2.01,5.864035968,29.32017984,6.685367868017593,28.433956270449205
2024-12-05,3.4178,3.4296,19.97,70.6,1.9,5.229849204,26.149246020000003,7.0963334380058445,25.53526941422307
2024-12-06,3.7776,3.7795,18.44,72.86,2.48,5.815086336,29.07543168,7.352736691171932,28.103078414274908
2024-12-07,3.773,3.7783,18.05,72.29,2.34,5.8168341,29.084170500000006,6.9284963391613115,26.168996652650165
2024-12-08,3.8537,3.8674,17.92,71.06,2.07,5.9442551759999995,29.721275879999993,6.98954163893291,26.178816276602028
2024-12-09,2.2822,3.5006,17.48,79.09,1.79,3.5262728640000005,17.63136432,7.55306032481114,26.618683241607215
2024-12-10,3.1483,3.3406,18.77,82.91,2.22,4.840133454000001,24.200667269999997,6.398798737127942,24.272940606807197
2024-12-11,2.9467,3.3636,16.61,82.32,3.04,4.568386878,22.84193439,7.248898527574003,28.76254716369358
2024-12-12,1.8739,3.4589,15.47,84.22,3.0,2.9179996019999996,14.589998009999997,6.52996303397186,27.112132580120548
2024-12-13,3.5006,3.6127,15.78,84.82,2.88,5.444553192,27.22276596,6.96927948522046,27.00606370119379
2024-12-14,3.8789,3.8971,15.38,81.23,2.96,6.042240108,30.211200540000004,6.3649182959818065,26.40444870101197
2024-12-15,4.3118,4.3322,15.85,82.7,2.7,6.70441782,33.522089099999995,5.882837588026238,26.14979578219668
2024-12-16,4.3056,4.3702,17.02,76.71,1.63,6.6645521279999995,33.32276064,5.299009242768322,24.923302966545243
2024-12-17,3.9379,4.0711,18.08,77.44,1.97,6.070351608,30.351758039999996,5.7840635704834025,23.4443998404108
2024-12-18,3.5218,3.8532,17.51,75.81,2.36,5.440969692,27.204848459999997,6.203302089801171,26.43988970516608
2024-12-19,3.5974,3.9629,17.9,77.95,2.22,5.54934924,27.7467462,5.246955079386677,23.537423139194388
2024-12-20,3.2532,3.8549,17.79,79.15,2.16,5.020533432000001,25.10266716,6.521659655479094,22.796564287823987
2024-12-21,1.668,3.659,17.1,84.87,2.16,2.5810632,12.905316000000001,5.6625400347134445,23.456460995366726
2024-12-22,3.4584,3.7488,17.2,83.24,2.66,5.349453119999999,26.7472656,6.021353106051702,23.169343185017937
2024-12-23,3.9497,3.9754,16.99,80.49,2.76,6.1143725820000006,30.571862910000004,6.6369717351570765,23.564777128932196
2024-12-24,3.905,3.9269,18.04,77.13,2.05,6.0205728,30.102864,5.264735381400555,25.16220164455667
2024-12-25,3.1738,3.6926,17.67,75.73,2.23,4.900283724,24.50141862,6.033606204904648,23.93454653158572
2024-12-26,3.5554,3.5585,18.62,78.89,2.91,5.469200712,27.34600356,5.583262933007227,23.49858272127955
2024-12-27,3.9156,3.9173,18.24,82.13,3.2,6.032216736,30.161083679999997,6.464731026989188,23.822864648240635
2024-12-28,4.1242,4.1302,18.55,77.44,2.29,6.3459065400000005,31.729532700000004,6.003805573484009,26.684405380330606
2024-12-29,3.703,3.7097,19.64,76.98,2.28,5.673588479999999,28.367942399999997,6.4705532117962985,25.144757010798802
2024-12-30,3.6665,3.7704,20.03,80.4,2.27,5.60908503,28.04542515,6.693849878620469,25.65985684151166
2024-12-31,3.4274,3.6089,17.21,78.71,3.3,5.301296676,26.506483380000002,5.740971640427611,24.65549900764959
