Date,GHI_Satellite,ClearSky_GHI,Ambient_Temp,Humidity,Wind_Speed,PlantA_E_solar,PlantB_E_solar,PlantA_E_biogas,PlantB_E_biogas,Is_Outlier,Season,Fold,GHI_Bias_Corrected
2023-01-01,3.0077,3.3367,17.16,76.93,2.38,4.327319953440001,21.6365997672,5.62730925198817,22.53024074004777,0,Winter,0,2.797161
2023-01-02,3.2676,3.3418,17.21,76.45,2.59,4.70033869032,23.501693451600005,5.823420006945566,23.512299096116905,0,Winter,0,3.038868
2023-01-03,1.5967,3.6482,16.71,76.99,2.79,2.3012569679400006,11.5062848397,5.732064756406345,23.787258827353952,0,Winter,0,1.484931
2023-01-04,1.1642,3.5674,15.45,77.22,3.06,1.6860980537999999,8.430490268999998,5.178208491127238,22.68400949899492,0,Winter,0,1.082706
2023-01-05,2.7022,3.5978,15.23,75.65,3.32,3.9168837565200003,19.5844187826,6.165801134957556,22.938469415347345,0,Winter,0,2.513046
2023-01-06,2.6062,3.7978,15.1,72.13,3.56,3.7796207004,18.898103502,5.741925996738323,24.82074756615471,0,Winter,0,2.423766
2023-01-07,1.5994,4.1333,15.13,73.23,3.15,2.31924931524,11.596246576199999,5.329689029029414,22.67531829965012,0,Winter,0,1.487442
2023-01-08,3.3372,4.26,15.8,74.05,2.79,4.826712499200001,24.133562496,5.802629565254349,21.641654696906237,0,Winter,0,3.1035960000000005
2023-01-09,4.2084,4.23,16.98,71.89,2.88,6.059050633440002,30.295253167200006,5.985465911375682,24.772293473931875,0,Winter,0,3.9138120000000005
2023-01-10,4.261,4.2634,17.58,63.59,2.84,6.1205157396,30.602578698000002,6.854102929959735,23.197038749393823,0,Winter,0,3.9627300000000005
2023-01-11,3.8954,3.9125,16.21,62.86,2.6,5.625145358280001,28.125726791400005,4.957773076286659,24.36956800181974,0,Winter,0,3.622722
2023-01-12,3.5167,3.9122,17.22,57.88,1.84,5.058464887080001,25.292324435400005,5.656238457690262,23.50890843764911,0,Winter,0,3.2705310000000005
2023-01-13,3.5158,3.5558,18.82,56.77,1.36,5.025781253520001,25.128906267600005,4.946633328036272,21.996007235726132,0,Winter,0,3.2696940000000003
2023-01-14,1.6404,2.6933,20.05,71.06,1.76,2.3336674884,11.668337442000002,5.013949759947025,23.48870156621162,0,Winter,0,1.5255720000000002
2023-01-15,3.1932,3.4954,19.53,68.58,2.24,4.55197876632,22.7598938316,5.551027452534356,24.159743571855977,0,Winter,0,2.969676
2023-01-16,2.7626,3.0718,18.06,71.39,2.12,3.9608092375200004,19.804046187599997,6.04566603808925,23.77801653260404,0,Winter,0,2.5692180000000002
2023-01-17,2.951,3.3979,17.38,74.41,2.19,4.2421203396000005,21.21060169800001,6.053865323763797,25.99198888774354,0,Winter,0,2.7444300000000004
2023-01-18,2.9028,3.0806,16.68,71.13,2.33,4.1841702316800005,20.9208511584,6.128154890751351,23.457384123295952,0,Winter,0,2.6996040000000003
2023-01-19,3.5983,3.6245,16.39,63.73,2.67,5.19250450554,25.962522527700003,4.906270697945642,21.57839605740421,0,Winter,0,3.346419
2023-01-20,3.8986,3.907,16.69,57.36,2.33,5.619324302280001,28.096621511400006,6.748755617279693,21.41750973000855,0,Winter,0,3.6256980000000003
2023-01-21,3.9134,3.9384,18.33,55.2,1.8,5.604844269240001,28.024221346200004,6.46453148452965,25.27518933095253,0,Winter,0,3.6394620000000004
2023-01-22,3.6163,3.6838,19.09,59.8,1.88,5.163996118140001,25.819980590700006,6.273150338684032,23.32357239706327,0,Winter,0,3.363159
2023-01-23,3.0912,3.3223,20.14,66.29,1.85,4.39605363456,21.9802681728,6.112162910463796,26.58755320960188,0,Winter,0,2.8748160000000005
2023-01-24,3.3617,3.4498,21.0,69.63,2.1,4.764604644,23.823023220000003,5.621806267130142,24.893511223854077,0,Winter,0,3.1263810000000003
2023-01-25,3.2054,3.2952,21.78,62.95,1.6,4.529126345040001,22.6456317252,5.525143589174987,24.871661981719253,0,Winter,0,2.9810220000000003
2023-01-26,2.9726,2.9777,22.48,62.08,1.45,4.188576512160001,20.9428825608,6.021343110551912,27.97698322728715,0,Winter,0,2.7645180000000003
2023-01-27,3.713,3.7152,22.87,63.1,1.87,5.223765490200002,26.118827451000005,7.249141589244014,29.30246201333196,0,Winter,0,3.4530900000000004
2023-01-28,3.9434,3.9655,22.1,64.65,2.42,5.564855098800001,27.824275494000002,6.45437870127679,26.076295803048087,0,Winter,0,3.6673620000000002
2023-01-29,4.1822,4.2041,20.46,62.23,2.61,5.94011750904,29.700587545199998,6.178795825636861,27.63033346836182,0,Winter,0,3.889446
2023-01-30,4.4537,4.6303,21.77,57.87,1.93,6.293182316580002,31.465911582900013,6.719552935009058,26.48857846198726,0,Winter,0,4.141941000000001
2023-01-31,3.251,4.2353,22.29,53.89,2.1,4.5843059718,22.921529859,7.17884447757155,29.283855189306312,0,Winter,0,3.02343
2023-02-01,3.2206,4.2641,21.49,56.13,3.57,4.555815027480001,22.779075137400003,6.693581074447481,26.84640462805963,0,Winter,0,2.9951580000000004
2023-02-02,4.5787,5.0088,19.38,50.09,3.41,6.5308727005200025,32.654363502600006,7.242611895801896,25.712289813790576,0,Winter,0,4.258191000000001
2023-02-03,4.853,4.8593,18.89,50.06,3.06,6.935392211399999,34.67696105699999,6.662134377944032,27.01525193322488,0,Winter,0,4.51329
2023-02-04,4.1854,4.2415,19.24,47.5,2.69,5.973155104319999,29.8657755216,7.556800439767222,29.38422861460068,0,Winter,0,3.892422
2023-02-05,4.2437,4.2545,20.73,44.03,2.02,6.021074442419999,30.105372212099997,6.3568400325536025,26.519254118633903,0,Winter,0,3.9466409999999996
2023-02-06,4.4146,4.4254,21.69,41.62,1.96,6.23990377908,31.199518895400004,7.125592297777361,30.17676198833204,0,Winter,0,4.105578
2023-02-07,4.1834,4.5744,21.94,54.76,2.61,5.907273718320001,29.5363685916,6.537811298720685,28.699375270575704,0,Winter,0,3.890562
2023-02-08,3.8302,4.4892,22.87,59.08,2.99,5.388652459080001,26.943262295400004,7.694157210641766,31.088346862385414,0,Winter,0,3.5620860000000003
2023-02-09,3.6449,4.0553,22.52,50.34,1.84,5.1350750841599995,25.6753754208,8.032372061807171,30.470138111588728,0,Winter,0,3.389757
2023-02-10,4.7486,4.7866,22.27,42.6,1.94,6.69663432324,33.4831716162,7.299273228393793,28.901442922720484,0,Winter,0,4.416198
2023-02-11,4.3358,4.7256,23.19,53.8,2.68,6.09223171284,30.461158564199998,8.043874473708605,29.212338104980436,0,Winter,0,4.032294
2023-02-12,4.3126,4.8559,23.69,56.83,3.02,6.047601243479999,30.238006217399995,7.338484035226685,32.40691619756855,0,Winter,0,4.010718
2023-02-13,5.819,5.8375,20.54,31.45,3.45,8.2623212892,41.311606446000006,6.9225023608951695,29.187425927815703,1,Winter,0,5.41167
2023-02-14,5.527,5.5313,21.14,31.73,1.63,7.829209947599999,39.146049738,7.314553767242868,31.67822415017788,0,Winter,0,5.14011
2023-02-15,5.0431,5.1082,20.95,35.19,1.3,7.1490935169,35.745467584500005,7.134216564177463,30.824658288477508,0,Winter,0,4.6900830000000004
2023-02-16,4.6942,4.8017,21.47,50.02,1.68,6.640872535080001,33.2043626754,7.241281846128618,31.71380801320956,0,Winter,0,4.3656060000000005
2023-02-17,4.6548,4.771,23.03,54.15,1.49,6.54461435448,32.7230717724,7.118802467941648,30.682381539048382,0,Winter,0,4.328964
2023-02-18,3.7721,4.3315,23.49,54.28,1.57,5.293862460180001,26.4693123009,7.368504565327313,32.68100954953886,0,Winter,0,3.5080530000000003
2023-02-19,3.4291,3.8177,23.95,57.86,1.64,4.803685596899999,24.0184279845,6.965052606210815,30.742483396119795,0,Winter,0,3.189063
2023-02-20,3.533,3.5966,24.93,59.06,2.05,4.9299149898,24.649574949000005,8.092787026601378,28.163176575963316,0,Winter,0,3.28569
2023-02-21,2.562,3.4939,25.68,63.84,3.22,3.5642687472000003,17.821343736,8.683682702712249,32.68980620111076,0,Winter,0,2.38266
2023-02-22,4.4952,4.6841,26.71,61.62,3.85,6.22791170064,31.1395585032,8.573053243577451,34.97778855494176,0,Winter,0,4.180536
2023-02-23,5.0683,5.335,26.77,59.09,2.27,7.02022092822,35.101104641099994,8.706577923297091,29.47968342921789,0,Winter,0,4.713519
2023-02-24,4.6942,5.011,26.9,58.99,1.94,6.4986410916000015,32.493205458000006,7.979698245647638,32.47208199838136,0,Winter,0,4.3656060000000005
2023-02-25,4.7191,5.292,26.9,49.37,1.55,6.5331126018,32.665563009,8.219518861658125,34.15038007051018,0,Winter,0,4.388763
2023-02-26,5.4715,5.5644,26.21,42.05,2.0,7.5958000263,37.9790001315,8.472575307446041,33.3786763982459,0,Winter,0,5.088495
2023-02-27,5.2978,5.4456,25.89,39.43,2.05,7.36412106564,36.8206053282,9.094264680746722,33.83665109262623,0,Winter,0,4.926954
2023-02-28,5.4233,5.5498,26.43,33.45,2.08,7.5222288199800005,37.61114409990001,8.045314491269808,36.35566581336357,0,Winter,0,5.043669
2023-03-01,5.4202,5.5253,26.41,34.54,1.75,7.92275620584,39.6137810292,8.98607786247737,37.28385289805664,0,Summer,0,5.311796
2023-03-02,5.3429,5.4782,26.73,37.99,2.18,7.79971288404,38.998564420200005,9.676710560299313,36.16709638398335,0,Summer,0,5.236042
2023-03-03,5.687,5.6983,27.85,30.87,2.24,8.264587254,41.32293627000001,9.157010291384983,38.401816666776,0,Summer,0,5.57326
2023-03-04,5.5716,5.5769,28.38,31.43,1.46,8.079519792960001,40.397598964800004,9.617072206450803,34.00893501913287,0,Summer,0,5.460168
2023-03-05,5.537,5.5447,28.81,29.9,2.16,8.0153456964,40.076728482,9.445016088837312,35.41723402079185,0,Summer,0,5.42626
2023-03-06,5.7355,5.8171,28.46,28.46,2.68,8.3144973996,41.572486997999995,9.893106594789607,35.77220369266702,0,Summer,0,5.6207899999999995
2023-03-07,5.9705,6.0526,28.21,28.46,2.45,8.6639430066,43.319715033,9.96686470370546,39.16999184397463,0,Summer,0,5.85109
2023-03-08,4.8893,5.7607,28.57,30.44,2.21,7.084636770120001,35.4231838506,10.024155385445306,36.25080846036521,0,Summer,0,4.791514
2023-03-09,5.2092,5.4425,27.88,35.11,2.56,7.569309323520001,37.8465466176,10.24016746031258,37.13648889018105,0,Summer,0,5.105016
2023-03-10,3.1097,5.395,26.47,37.22,2.42,4.54437999708,22.721899985400004,9.137096537290333,35.646188046817116,0,Summer,0,3.0475060000000003
2023-03-11,3.5822,5.1012,28.46,35.93,1.88,5.19295485744,25.964774287199997,9.384763329835812,40.06426826026147,0,Summer,0,3.510556
2023-03-12,5.3074,5.3467,28.65,35.44,2.2,7.687970581200001,38.439852906000006,10.340264456773168,37.99499757693198,0,Summer,0,5.201252
2023-03-13,5.6645,5.8008,29.6,33.12,1.72,8.173601604,40.868008020000005,9.704969767601378,37.81888221478394,0,Summer,0,5.55121
2023-03-14,4.0966,4.5499,29.05,42.96,3.29,5.9244455675999985,29.622227837999997,10.698223045077926,37.878461387083235,0,Summer,0,4.0146679999999995
2023-03-15,3.9528,4.5223,28.6,52.07,2.54,5.7269431295999995,28.634715648000004,9.98224506302503,39.489788299289856,0,Summer,1,3.873744
2023-03-16,3.2203,4.4251,26.88,61.63,2.85,4.6982425156800005,23.4912125784,9.097045756144668,39.16764982734982,0,Summer,1,3.155894
2023-03-17,2.1132,4.0757,26.31,60.42,1.91,3.0901264430400004,15.450632215199999,9.275833173645738,37.14182693107878,0,Summer,1,2.070936
2023-03-18,4.2432,4.7126,26.15,61.76,1.65,6.208811481599999,31.04405740799999,9.632661936006558,40.374271082796746,0,Summer,1,4.158335999999999
2023-03-19,1.6738,5.2896,23.6,80.05,3.08,2.4742647216,12.371323608,9.532929143570966,39.41635939062152,0,Summer,1,1.640324
2023-03-20,3.263,5.5687,24.36,72.65,3.59,4.8088893216,24.044446607999998,9.875023949313366,39.85523027506465,0,Summer,1,3.19774
2023-03-21,4.7714,5.8944,26.08,67.1,2.32,6.983657701439999,34.918288507199996,9.630802345134024,39.906016641595144,0,Summer,1,4.675972
2023-03-22,5.2973,5.4156,26.28,61.21,2.04,7.747161401279999,38.735807006399995,8.348945204849395,39.14951655114914,0,Summer,1,5.191354
2023-03-23,5.4545,5.7778,26.5,58.77,2.08,7.97000631,39.850031550000004,9.03252859201397,37.46053632393327,0,Summer,1,5.34541
2023-03-24,5.1125,5.5344,27.1,62.03,2.12,7.452245850000001,37.26122925,10.11715717134422,39.36718934097185,0,Summer,1,5.01025
2023-03-25,4.6922,5.1948,28.17,62.85,2.73,6.81007326888,34.0503663444,9.576770747588784,38.55711224477766,0,Summer,1,4.598356
2023-03-26,4.7539,5.2579,28.65,65.25,3.3,6.8862047982,34.431023990999996,9.592210969267862,38.71855090966982,0,Summer,1,4.658822
2023-03-27,4.5029,5.3616,27.75,70.88,2.43,6.546451107,32.73225553500001,9.43264409372338,35.42300426113346,0,Summer,1,4.412842
2023-03-28,5.0962,5.1842,27.88,66.67,2.02,7.405112910719999,37.0255645536,9.733531573484738,36.76517250652715,0,Summer,1,4.994275999999999
2023-03-29,4.6075,5.2152,28.0,69.44,2.99,6.6917487,33.45874349999999,10.22478135490598,39.12163458776277,0,Summer,1,4.51535
2023-03-30,4.6522,4.8367,27.59,72.66,2.89,6.767884715759999,33.839423578799995,9.31240583351902,36.02073330587716,0,Summer,1,4.559156
2023-03-31,2.9508,5.3419,26.09,82.95,2.53,4.31876373264,21.593818663199997,10.376480391928744,38.65950398847215,0,Summer,1,2.891784
2023-04-01,3.1274,5.4773,24.24,86.71,1.8,4.61125372512,23.056268625599998,8.852060286290556,35.7811251394687,0,Summer,1,3.064852
2023-04-02,6.4193,6.5383,25.71,73.2,2.26,9.40957170636,47.0478585318,9.306429692967209,36.93776954130091,0,Summer,1,6.290914
2023-04-03,6.6677,6.684,27.27,67.25,2.35,9.712521207480002,48.56260603740001,9.290014021801053,41.45058844047484,0,Summer,1,6.534346
2023-04-04,5.9609,6.2107,28.14,67.47,3.04,8.65246571112,43.26232855559999,10.274686317518404,36.81855242336956,0,Summer,1,5.841682
2023-04-05,5.9282,6.198,29.29,68.97,2.77,8.564913969360001,42.8245698468,10.043547424373513,39.67992830775144,0,Summer,1,5.809636
2023-04-06,6.7152,6.7649,28.94,56.53,2.07,9.71577161856,48.5788580928,9.263373411159105,35.37677989931104,0,Summer,1,6.580896
2023-04-07,6.6655,6.8206,29.04,53.05,2.02,9.6399447144,48.199723572,9.694965411145215,39.53248871546371,0,Summer,1,6.53219
2023-04-08,6.6893,6.81,29.51,51.65,2.0,9.65587879116,48.27939395580001,9.687839769086038,40.543660901288945,0,Summer,1,6.5555140000000005
2023-04-09,6.637,6.6662,30.09,48.07,2.1,9.5577498996,47.788749497999994,9.722582911225802,41.08525824532262,0,Summer,1,6.5042599999999995
2023-04-10,6.5443,6.5724,30.22,49.41,1.95,9.41925287352,47.0962643676,9.86566359272669,39.56359084470643,0,Summer,1,6.4134139999999995
2023-04-11,6.4574,6.4783,30.85,51.07,1.69,9.2702563548,46.351281774,9.438971868985416,39.70451478135121,0,Summer,1,6.328252
2023-04-12,7.0066,7.0241,30.78,35.15,1.71,10.061572889759999,50.3078644488,10.358389765199767,38.16424664838747,1,Summer,1,6.866467999999999
2023-04-13,7.0975,7.1062,31.2,38.4,2.13,10.174578539999999,50.872892699999994,10.247545211370047,39.782375727937385,0,Summer,1,6.95555
2023-04-14,6.869,6.8926,31.75,51.73,2.18,9.824799389999999,49.12399695,9.892924329381884,42.6779958728674,0,Summer,1,6.7316199999999995
2023-04-15,5.9004,6.4322,32.54,56.33,1.89,8.41199258592,42.059962929600005,9.941971351037395,42.465617630928726,0,Summer,1,5.782392000000001
2023-04-16,6.1085,6.5112,31.93,56.09,2.17,8.7305833986,43.652916993,11.024853455163992,42.66131249854552,0,Summer,1,5.98633
2023-04-17,6.0977,6.1344,32.35,58.74,3.59,8.7000886014,43.500443007,11.554768592326711,42.32628330744859,0,Summer,1,5.975746
2023-04-18,5.7403,5.9352,32.61,59.87,2.94,8.18138094396,40.9069047198,10.65604088819226,41.37532307269755,0,Summer,1,5.625494000000001
2023-04-19,5.9285,6.0629,32.86,59.66,3.61,8.440898701199998,42.204493506,10.731525400837924,42.12978096313239,0,Summer,1,5.80993
2023-04-20,6.018,6.2412,33.28,58.47,3.85,8.5534652448,42.767326223999994,10.586388532841704,44.00564696093007,0,Summer,1,5.89764
2023-04-21,4.2374,5.4794,33.03,54.76,1.98,6.02890322664,30.144516133199996,10.796368454338763,43.75810647112125,0,Summer,1,4.152652
2023-04-22,5.9429,6.4529,32.28,40.95,1.6,8.48166884544,42.40834422719999,11.109482436952396,43.90497646997737,0,Summer,1,5.8240419999999995
2023-04-23,2.3326,6.1289,29.6,50.68,3.24,3.3658298352,16.829149176,11.102249507704848,44.15488848933029,0,Summer,1,2.285948
2023-04-24,4.9238,6.8242,29.74,58.4,1.76,7.10075378544,35.50376892720001,10.706014183714943,43.18091412667162,0,Summer,1,4.825324
2023-04-25,6.4054,6.8177,29.24,60.3,2.09,9.25624369152,46.2812184576,10.732127487921815,44.19581480808989,0,Summer,1,6.277292
2023-04-26,6.2364,6.7538,30.89,52.68,1.16,8.95152151152,44.7576075576,10.524558543139946,45.73665403375268,0,Summer,1,6.1116719999999995
2023-04-27,5.2574,6.4615,31.67,53.85,1.56,7.522184874959999,37.6109243748,10.574826925871264,45.16207896233682,0,Summer,1,5.152252
2023-04-28,5.783,6.4814,29.45,66.45,2.3,8.349692022000001,41.748460109999996,10.036427621447256,45.63573574261739,0,Summer,1,5.66734
2023-04-29,5.3458,6.402,30.12,65.67,2.57,7.697387483519999,38.4869374176,10.97266164146884,42.65223564060745,0,Summer,1,5.238884
2023-04-30,5.5632,6.468,30.09,66.04,1.12,8.011401874559999,40.057009372799996,10.082019480021158,44.5303280683737,0,Summer,1,5.451936
2023-05-01,4.6519,6.3046,28.21,71.35,1.75,6.7504893178800005,33.75244658940001,11.0384430932494,45.70414501177994,0,Summer,1,4.558862
2023-05-02,6.6134,6.9682,29.72,60.45,1.36,9.53815234176,47.690761708800004,10.133848533557652,43.67619994739169,0,Summer,1,6.481132000000001
2023-05-03,4.7402,6.8578,29.0,69.93,2.57,6.856604496,34.28302247999999,10.45397984138249,43.370369418094555,0,Summer,1,4.645396
2023-05-04,4.8451,6.696,28.92,69.31,2.82,7.010619383040001,35.0530969152,10.140032307742404,42.69059751920898,0,Summer,1,4.748198
2023-05-05,5.4718,6.0886,29.06,71.87,2.33,7.912918812959999,39.5645940648,10.529988740220462,43.10830665857954,0,Summer,1,5.3623639999999995
2023-05-06,4.9001,5.9155,30.23,68.58,2.04,7.052457164759999,35.2622858238,10.34885057027942,42.29432811771916,0,Summer,1,4.802098
2023-05-07,6.6007,6.6847,31.41,60.08,2.55,9.454243336440001,47.2712166822,10.787970745338583,44.69925818266455,0,Summer,1,6.468686
2023-05-08,7.2084,7.2312,32.21,57.64,2.87,10.29074932368,51.453746618400004,11.03066906667254,39.750867649208715,0,Summer,1,7.064232
2023-05-09,5.8099,6.6425,32.75,55.14,3.1,8.275795856999999,41.378979285,11.48384886347625,41.7182372678998,0,Summer,1,5.693702
2023-05-10,6.0521,6.444,32.95,59.51,3.31,8.6136755334,43.06837766699999,11.046359901167593,43.11017156991518,0,Summer,1,5.931058
2023-05-11,6.3799,6.497,32.55,60.37,2.39,9.0952237194,45.476118597,9.963133047676784,42.09417877842145,0,Summer,1,6.252302
2023-05-12,4.2058,6.1733,31.09,65.18,1.71,6.0319196666399995,30.1595983332,10.529356771213797,42.51958637840415,0,Summer,1,4.121684
2023-05-13,4.7218,6.2426,31.09,65.1,2.99,6.7719621194399995,33.859810597199996,11.983883967600107,44.408362780425115,0,Summer,1,4.627364
2023-05-14,5.3263,6.781,30.42,58.9,5.23,7.65991394952,38.299569747599996,10.23427919187615,43.47067941104145,0,Summer,1,5.219774
2023-05-15,6.8945,7.153,31.06,53.09,3.27,9.8892446604,49.446223301999986,11.189238103697155,40.93931618449345,0,Summer,1,6.756609999999999
2023-05-16,5.5464,6.287,31.67,65.68,4.29,7.935680410559999,39.6784020528,9.494629786572135,47.582172161984104,0,Summer,1,5.435472
2023-05-17,5.7593,6.5786,30.41,75.45,4.12,8.28296305956,41.41481529779999,10.852399549513384,42.51424757874249,0,Summer,1,5.644113999999999
2023-05-18,5.1302,6.4584,28.58,84.72,3.49,7.43340123792,37.167006189599995,11.30357489266632,44.1876445442911,0,Summer,1,5.027596
2023-05-19,5.179,6.5381,29.26,83.28,3.76,7.4834022648,37.417011324,11.15211598891746,43.07431192274795,0,Summer,1,5.07542
2023-05-20,6.7574,6.8638,30.5,73.55,3.78,9.714843684,48.57421842,10.511615412775392,44.59052287332146,0,Summer,1,6.622252
2023-05-21,5.5531,6.3511,29.83,77.68,4.0,8.005346738759998,40.0267336938,10.5610508579773,44.447136496692494,0,Summer,1,5.442037999999999
2023-05-22,5.9174,6.0768,29.64,79.19,3.94,8.537132392319998,42.6856619616,10.995742379583358,40.72764439498146,0,Summer,1,5.799052
2023-05-23,4.9303,6.0792,29.24,83.6,2.34,7.12462270464,35.6231135232,10.551436927622078,41.42266541384383,0,Summer,1,4.831694
2023-05-24,5.1862,6.5592,28.1,84.28,2.66,7.529179946400002,37.645899732000004,10.636042005372616,42.222189465185544,0,Summer,1,5.082476000000001
2023-05-25,5.7876,6.5232,28.18,85.3,2.45,8.39955314016,41.9977657008,10.802639563894616,46.02768184841551,0,Summer,1,5.671848
2023-05-26,6.2974,6.5028,28.95,83.25,2.48,9.1109145876,45.55457293799999,10.650883529290098,43.306668779725065,0,Summer,1,6.1714519999999995
2023-05-27,3.7462,6.5628,28.98,78.7,2.14,5.419243929119999,27.096219645599994,10.287444529245423,44.47283260177232,0,Summer,2,3.6712759999999998
2023-05-28,6.8474,7.0646,29.01,74.07,0.95,9.90422452488,49.5211226244,10.163155367287713,40.16665885075092,0,Summer,2,6.710452
2023-05-29,7.3106,7.3913,30.06,70.86,1.3,10.529071180319999,52.64535590159999,10.597742554851468,42.996411637000335,0,Summer,2,7.164388
2023-05-30,6.726,7.1938,30.66,73.1,1.52,9.6633733392,48.316866696,10.747488486854412,40.6601080318645,0,Summer,2,6.59148
2023-05-31,6.5534,6.9245,31.06,74.58,2.01,9.399982008479999,46.999910042399996,10.38109780312118,39.786563767770815,0,Summer,2,6.422332
2023-06-01,5.6515,6.0794,30.62,76.51,2.57,7.292279649599999,36.461398248,12.045403806486254,46.867541602166305,0,Monsoon,2,4.97332
2023-06-02,6.6732,6.7138,31.07,74.8,3.17,8.594750609279998,42.973753046400006,12.139871971474236,48.959340116067345,0,Monsoon,2,5.872415999999999
2023-06-03,6.2393,6.4586,30.85,75.5,3.0,8.0431565016,40.215782508,11.914161929203503,49.297574121908795,0,Monsoon,2,5.490584
2023-06-04,6.4234,6.8719,30.84,75.16,2.71,8.280821176320002,41.4041058816,12.603852884721148,47.71562471226146,0,Monsoon,2,5.652592
2023-06-05,6.9881,7.0423,30.39,76.46,2.03,9.02541626448,45.127081322399995,12.34298356823471,50.47081185316812,0,Monsoon,2,6.149528
2023-06-06,6.4889,6.5515,30.61,76.24,2.29,8.37314159088,41.8657079544,12.789800579352688,51.95006319235223,0,Monsoon,2,5.710232
2023-06-07,5.3609,6.4666,31.1,74.52,2.36,6.9037241328,34.518620664000004,12.4249790021928,51.19151866337106,0,Monsoon,2,4.717592
2023-06-08,2.2786,6.4766,31.66,71.43,2.11,2.92762548672,14.638127433599998,12.376620119025324,52.41216669274522,0,Monsoon,2,2.005168
2023-06-09,2.9568,6.6192,30.11,76.44,2.78,3.8231991705599997,19.115995852799998,12.898787387855334,48.48569044523712,0,Monsoon,2,2.601984
2023-06-10,4.0202,6.3406,30.37,75.72,1.98,5.1926768572799995,25.9633842864,13.40459525237794,49.03617701903644,0,Monsoon,2,3.537776
2023-06-11,4.6265,5.8301,30.39,78.42,2.99,5.9753135111999995,29.876567556,12.66841309091672,51.80030506833318,0,Monsoon,2,4.07132
2023-06-12,3.2957,5.149,29.78,82.38,3.2,4.267145805119999,21.3357290256,12.785666159295834,52.758553796483014,0,Monsoon,2,2.900216
2023-06-13,4.4774,5.8716,30.06,83.55,3.6,5.7905461996800005,28.9527309984,12.807043594403003,50.79671595774703,0,Monsoon,2,3.940112
2023-06-14,6.2321,6.6751,30.19,83.94,5.17,8.05559251728,40.2779625864,13.076201888133964,50.803789700473246,0,Monsoon,2,5.484248
2023-06-15,4.9798,6.3329,31.07,80.04,5.9,6.4137354019199995,32.0686770096,12.940354692884164,50.26655548361043,0,Monsoon,2,4.382224
2023-06-16,5.4881,6.6907,30.37,83.69,5.23,7.088684607839999,35.4434230392,12.384861808385123,51.01574510882787,0,Monsoon,2,4.829528
2023-06-17,5.3093,6.5443,30.44,83.21,4.96,6.8557759142400005,34.2788795712,13.418513926491515,50.47843149260384,0,Monsoon,2,4.672184000000001
2023-06-18,3.7258,6.0204,29.44,84.39,4.49,4.83071132544,24.1535566272,12.141974962344763,51.25132967648327,0,Monsoon,2,3.278704
2023-06-19,3.7526,6.4111,28.8,89.05,3.88,4.878139833600001,24.390699168,11.560113132522144,51.72472255149832,0,Monsoon,2,3.3022880000000003
2023-06-20,3.5309,6.7046,29.06,87.46,3.75,4.58509680288,22.925484014399995,12.545662107735076,50.69998742707868,0,Monsoon,2,3.107192
2023-06-21,3.882,6.5062,28.96,89.69,3.11,5.043072038400001,25.215360192000002,13.045420292274576,51.885915295629445,0,Monsoon,2,3.41616
2023-06-22,2.9942,6.4666,28.58,88.17,3.03,3.8957464339200003,19.478732169600004,11.821256152928392,51.49628265492869,0,Monsoon,2,2.6348960000000003
2023-06-23,5.2798,7.3092,29.02,84.62,3.12,6.857269077120001,34.2863453856,12.05366335548748,51.93169160560964,0,Monsoon,2,4.646224
2023-06-24,5.7662,7.435,29.47,84.49,3.24,7.47529245408,37.3764622704,13.255549436367025,49.63862837856697,0,Monsoon,2,5.074256
2023-06-25,5.9717,7.4786,29.19,84.26,4.99,7.75053088656,38.7526544328,12.036530697220694,52.22977324849007,0,Monsoon,2,5.255096
2023-06-26,4.1198,7.3418,27.9,89.42,5.83,5.3750536224,26.875268111999997,11.949942988603963,49.09402949124632,0,Monsoon,2,3.6254239999999998
2023-06-27,2.5442,7.254,27.52,93.49,4.07,3.3244918924799998,16.622459462400002,13.118642375227488,46.52500509093544,0,Monsoon,2,2.238896
2023-06-28,1.1486,7.1038,27.92,92.25,4.43,1.49844334464,7.492216723200001,13.05094583344754,48.51389810265833,0,Monsoon,2,1.010768
2023-06-29,2.0066,7.2871,27.95,92.75,3.43,2.6174571984,13.087285992000002,12.140372179368308,50.983744036312025,0,Monsoon,2,1.765808
2023-06-30,3.631,7.1081,28.64,90.95,3.63,4.723135084799999,23.615675424,12.40468328242654,49.919831698436646,0,Monsoon,2,3.19528
2023-07-01,3.4675,6.9413,29.37,87.3,2.55,4.497092292,22.485461459999996,11.303408978071174,46.3886638141183,0,Monsoon,2,3.0513999999999997
2023-07-02,4.4568,6.8273,28.73,91.96,2.9,5.79520199808,28.9760099904,12.021443188540738,49.21075602782639,0,Monsoon,2,3.921984
2023-07-03,4.488,6.9194,29.33,88.93,2.34,5.821553548800001,29.107767744000004,12.33750769657338,49.227612311048105,0,Monsoon,2,3.9494400000000005
2023-07-04,6.4759,7.1467,29.75,85.68,2.29,8.385772428,41.92886214,12.230733030781607,49.30944907545966,0,Monsoon,2,5.698792
2023-07-05,5.7938,7.375,29.23,88.03,3.42,7.518414953280001,37.592074766399996,12.677018355263876,47.48676760489662,0,Monsoon,2,5.098544
2023-07-06,4.5521,7.4765,29.06,88.28,4.21,5.91118954272,29.555947713600002,12.372062786959477,49.560715514741894,0,Monsoon,2,4.005848
2023-07-07,5.1744,7.3183,28.78,91.09,4.05,6.726935255040001,33.6346762752,11.620419952160548,46.97115213012604,0,Monsoon,2,4.553472
2023-07-08,5.4401,7.3567,29.21,89.37,3.42,7.06000510512,35.3000255256,12.217227000648217,47.97861867928369,0,Monsoon,2,4.787288
2023-07-09,5.406,7.1974,29.26,87.42,2.65,7.014323923199999,35.071619616,11.78314555500623,48.6025135518582,0,Monsoon,2,4.75728
2023-07-10,4.8902,7.0601,29.59,87.24,2.79,6.33654902496,31.6827451248,11.938100859647868,47.9282446986923,0,Monsoon,2,4.303376
2023-07-11,4.9946,7.0642,29.17,85.7,4.04,6.4829028950400005,32.41451447520001,12.043293921790363,45.96740699636969,0,Monsoon,2,4.3952480000000005
2023-07-12,5.2848,7.158,28.26,87.99,3.37,6.884969794559999,34.4248489728,12.006668060890725,48.08821211192475,0,Monsoon,2,4.650624
2023-07-13,5.2466,7.0022,28.41,91.41,2.68,6.8310480163200005,34.155240081600006,11.993025322253208,47.72083618626964,0,Monsoon,2,4.617008
2023-07-14,5.2349,7.0589,28.5,89.51,2.43,6.813327048,34.066635240000004,12.86049047908716,47.90874836931306,0,Monsoon,2,4.606712
2023-07-15,4.5283,7.3418,29.08,85.41,2.38,5.8798055500799995,29.399027750399995,12.368935400781552,51.38321896299932,0,Monsoon,2,3.984904
2023-07-16,4.7995,7.2341,28.91,87.99,3.77,6.2362552824,31.181276411999995,12.88338564618022,50.84071023629525,0,Monsoon,2,4.22356
2023-07-17,5.0623,7.175,28.81,88.93,4.48,6.580398723359999,32.90199361679999,11.504887233702524,50.24000780834791,0,Monsoon,2,4.4548239999999995
2023-07-18,6.5791,7.351,28.82,88.05,4.83,8.55171418464,42.758570923200004,12.99675388781215,46.972582663275176,0,Monsoon,2,5.789608
2023-07-19,5.784,7.2761,29.25,86.78,4.71,7.50508704,37.5254352,13.379383791622327,45.92349340146597,0,Monsoon,2,5.08992
2023-07-20,6.3086,7.2026,28.98,88.8,4.25,8.194780556160001,40.9739027808,11.119963073878788,50.02428484222281,0,Monsoon,2,5.5515680000000005
2023-07-21,5.5164,7.3262,28.84,89.91,3.72,7.16980188672,35.849009433599996,11.727547046854829,49.21167983803651,0,Monsoon,2,4.854432
2023-07-22,5.7955,7.3716,28.96,88.66,4.29,7.5288830496,37.644415247999994,11.59203847543267,44.974231367532845,0,Monsoon,2,5.10004
2023-07-23,5.9042,7.2761,28.92,88.37,2.76,7.67134123008,38.35670615040001,12.824731201074746,46.80869638622262,0,Monsoon,2,5.195696000000001
2023-07-24,6.3086,7.3262,29.35,84.83,2.98,8.182456075200001,40.912280376000005,11.90271227098062,47.12632263663323,0,Monsoon,2,5.5515680000000005
2023-07-25,5.8313,7.3447,29.22,86.15,3.72,7.567385305919999,37.8369265296,11.822262558217869,47.43950266692337,0,Monsoon,2,5.131544
2023-07-26,4.9356,7.2804,28.97,88.25,4.13,6.41153392704,32.0576696352,12.080541011553166,46.7105050375994,0,Monsoon,2,4.343328
2023-07-27,4.8816,7.1832,29.3,86.76,4.12,6.3328801536,31.664400768000004,12.723721283379415,47.61166470358346,0,Monsoon,2,4.295808
2023-07-28,5.5469,7.0704,29.34,86.87,3.96,7.19479967712,35.97399838559999,12.15560409278337,50.97533145779677,0,Monsoon,2,4.881272
2023-07-29,4.5739,7.087,29.75,86.64,3.53,5.922834588000001,29.61417294,13.071062536009292,50.91588417813457,0,Monsoon,2,4.025032
2023-07-30,5.6095,7.2295,30.08,86.02,2.45,7.254079747199999,36.270398736,12.887737057441852,48.12883606321226,0,Monsoon,2,4.93636
2023-07-31,5.5385,7.1534,31.03,78.62,0.93,7.1344830215999995,35.672415107999996,11.895264964998049,49.42941192496297,0,Monsoon,2,4.87388
2023-08-01,5.6839,7.3241,30.1,86.48,3.46,7.3496919408000005,36.748459704,12.157674372820226,49.85626423942043,0,Monsoon,2,5.001832
2023-08-02,4.117,7.033,28.75,89.82,7.37,5.3529234,26.764616999999998,12.440132358744773,48.49309742401464,0,Monsoon,2,3.62296
2023-08-03,3.9,6.5935,28.93,88.13,4.34,5.06707344,25.335367200000004,11.749146871240402,50.31982858866067,0,Monsoon,2,3.432
2023-08-04,3.2911,6.4363,28.71,87.46,4.06,4.279783300320001,21.398916501600002,13.177552209967942,48.42137422960304,0,Monsoon,2,2.8961680000000003
2023-08-05,3.3415,6.6178,28.42,87.58,4.06,4.3504405296,21.752202647999997,11.73170853788672,48.12980349297691,0,Monsoon,2,2.94052
2023-08-06,1.7892,6.7814,28.02,91.17,4.82,2.3332141324799998,11.6660706624,12.931832820220777,49.32934937695196,0,Monsoon,2,1.574496
2023-08-07,1.5098,7.0488,28.02,91.84,5.35,1.96886133312,9.8443066656,12.17314273746825,47.83162272086682,0,Monsoon,2,1.328624
2023-08-08,2.4134,6.6696,28.09,89.71,4.69,3.1463128963200004,15.731564481600001,12.879902616702095,47.60529826406539,0,Monsoon,3,2.1237920000000003
2023-08-09,4.6678,6.1898,27.84,91.33,3.05,6.09150140544,30.4575070272,12.026000022882751,47.272111713290094,0,Monsoon,3,4.107664
2023-08-10,4.1054,5.8812,28.59,86.56,2.39,5.341309321920001,26.706546609600004,12.799147208279836,50.03502934715292,0,Monsoon,3,3.6127520000000004
2023-08-11,3.8323,5.7444,28.66,88.06,2.14,4.98457756896,24.922887844799998,11.223100981461258,47.45818205417339,0,Monsoon,3,3.372424
2023-08-12,3.5129,5.6537,27.67,91.92,3.13,4.5875045409599995,22.9375227048,11.973062155665188,48.81091338180861,0,Monsoon,3,3.091352
2023-08-13,2.1456,6.169,28.11,87.44,2.37,2.79695953152,13.9847976576,12.446575010139174,49.80519426449525,0,Monsoon,3,1.888128
2023-08-14,4.3447,6.7939,28.93,84.15,1.34,5.64484973712,28.2242486856,12.282911689712032,48.87654644701029,0,Monsoon,3,3.823336
2023-08-15,4.4479,5.8829,28.74,88.13,2.25,5.7833944291199995,28.9169721456,11.998599099147947,46.59680232107102,0,Monsoon,3,3.9141519999999996
2023-08-16,3.8446,5.742,28.98,87.44,1.51,4.99408003776,24.970400188800003,11.912539359947754,47.29411548148444,0,Monsoon,3,3.383248
2023-08-17,5.6453,6.702,28.37,89.89,1.98,7.35134578992,36.756728949599996,12.504132905134568,47.22252467949734,0,Monsoon,3,4.967864
2023-08-18,5.1847,6.954,28.42,89.23,4.54,6.75018076128,33.750903806400004,11.657444449294523,49.80116819471199,0,Monsoon,3,4.562536000000001
2023-08-19,5.2039,6.7834,28.7,89.15,3.53,6.7674846095999985,33.837423048,12.014125434927683,44.991072439856026,0,Monsoon,3,4.579432
2023-08-20,5.8128,6.6677,28.77,87.56,2.82,7.55718872832,37.7859436416,11.02901462854675,49.768176486769455,0,Monsoon,3,5.115264
2023-08-21,5.195,6.5671,28.27,88.9,2.66,6.767705208000001,33.83852604,11.95201522413117,47.269485330265915,0,Monsoon,3,4.5716
2023-08-22,3.199,6.2712,28.46,90.76,3.47,4.164238108799999,20.821190544,11.89928310961633,47.35417907842578,0,Monsoon,3,2.81512
2023-08-23,2.7322,6.445,28.57,90.55,2.79,3.55500312288,17.7750156144,12.091567623158024,48.82262275947525,0,Monsoon,3,2.4043360000000003
2023-08-24,3.5086,6.336,28.32,92.64,2.34,4.56984764544,22.849238227200004,11.943390648472558,47.77704766484398,0,Monsoon,3,3.087568
2023-08-25,1.385,6.0262,28.04,92.03,3.06,1.8059690880000003,9.02984544,11.538586481552112,47.15460349811696,0,Monsoon,3,1.2188
2023-08-26,2.1067,5.2742,27.68,92.88,3.67,2.7510333523200003,13.7551667616,12.451743661801606,47.59801625405634,0,Monsoon,3,1.853896
2023-08-27,5.1977,6.0341,28.33,90.71,3.17,6.76957595952,33.84787979760001,12.71069719165849,47.7286251580057,0,Monsoon,3,4.573976
2023-08-28,5.0618,5.9045,29.54,83.79,2.11,6.56023857984,32.801192899200004,11.992441867992946,46.6097790199485,0,Monsoon,3,4.454384
2023-08-29,5.5848,5.9383,29.99,77.11,1.11,7.224792157440001,36.123960787200005,11.492721639967732,49.22806537938332,0,Monsoon,3,4.914624000000001
2023-08-30,5.3453,6.055,30.44,76.05,1.02,6.902261879040001,34.5113093952,12.515903234680772,47.15850548140104,0,Monsoon,3,4.703864
2023-08-31,5.1295,5.9208,29.98,80.84,1.09,6.6360628751999995,33.180314376,12.280267820533648,48.11248595519012,0,Monsoon,3,4.51396
2023-09-01,3.8671,5.2596,29.16,87.86,1.88,5.59004464032,27.950223201599997,10.231123531154648,42.76643657031545,0,Autumn,3,3.789758
2023-09-02,4.08,5.4307,29.23,86.92,1.27,5.896120608,29.48060304,10.142203597562244,42.133666184690725,0,Autumn,3,3.9984
2023-09-03,4.8233,6.2813,28.94,88.42,1.59,6.978508644239999,34.89254322119999,10.061894571448002,40.9297538100385,0,Autumn,3,4.726833999999999
2023-09-04,4.7834,6.6367,27.65,91.89,3.06,6.957063061200001,34.78531530600001,9.820655618724691,41.3451763827962,0,Autumn,3,4.6877320000000005
2023-09-05,5.3551,6.5318,28.68,88.81,2.71,7.75612120416,38.78060602079999,10.40307604943741,40.64967435489362,0,Autumn,3,5.247998
2023-09-06,5.0743,6.5405,28.14,92.36,2.81,7.365533184239999,36.827665921199994,9.478570287828866,41.12586969044092,0,Autumn,3,4.972814
2023-09-07,4.1062,6.6862,28.04,93.16,4.18,5.96271485376,29.813574268800004,9.557223032661684,38.63967156047569,0,Autumn,3,4.024076
2023-09-08,3.1018,6.3168,27.71,94.43,3.47,4.51021943736,22.5510971868,10.299844568072524,41.32713745548845,0,Autumn,3,3.039764
2023-09-09,5.4091,6.2455,28.48,89.21,2.51,7.840693832159999,39.2034691608,10.232172655491814,40.36862887224449,0,Autumn,3,5.300917999999999
2023-09-10,5.5058,6.1812,28.95,87.21,2.01,7.965648289200001,39.828241446,9.46985430283626,41.19347725361098,0,Autumn,3,5.395684
2023-09-11,4.6723,6.1939,28.92,86.93,1.74,6.760586353919999,33.802931769599994,9.620278039220294,43.08648765367144,0,Autumn,3,4.578854
2023-09-12,4.3711,6.3262,28.86,87.78,1.86,6.3263070175200005,31.631535087600003,10.763295094680746,41.43026416796685,0,Autumn,3,4.283678
2023-09-13,5.2198,6.4529,27.64,92.54,4.29,7.59207800064,37.96039000319999,8.930165640833154,38.91342093530543,0,Autumn,3,5.115404
2023-09-14,4.3632,6.5028,28.2,91.74,5.87,6.331806028799999,31.659030143999995,9.514438406404452,39.17161326564527,0,Autumn,3,4.275936
2023-09-15,4.3646,6.3744,27.67,93.37,3.41,6.3474395258400005,31.737197629200008,10.46722325102396,37.93035691060598,0,Autumn,3,4.2773080000000006
2023-09-16,5.7053,6.2827,28.63,88.61,2.34,8.265014794679999,41.325073973399995,9.052417837728862,37.85671674741794,0,Autumn,3,5.591194
2023-09-17,5.4787,6.1361,29.65,83.24,1.42,7.903890384599999,39.519451923,10.823892093229167,39.65988285519786,0,Autumn,3,5.369126
2023-09-18,4.0877,6.1562,27.87,91.66,2.15,5.939936609879999,29.6996830494,10.198890433883282,41.78390372461632,0,Autumn,3,4.005946
2023-09-19,3.42,6.3475,27.5,92.3,4.7,4.977126,24.88563,9.499634098755088,39.405475933540245,0,Autumn,3,3.3516
2023-09-20,2.669,6.2909,27.58,93.5,4.17,3.8829402024,19.414701012,9.922506147236325,40.43401571966665,0,Autumn,3,2.61562
2023-09-21,2.3626,6.0338,27.47,94.65,4.34,3.43870854264,17.193542713200003,9.743437953934585,38.5209607264749,0,Autumn,3,2.315348
2023-09-22,2.6966,5.9693,27.51,93.46,3.54,3.9242034199199995,19.6210170996,9.187550335777072,38.14732765891774,0,Autumn,3,2.642668
2023-09-23,2.6779,6.1198,27.86,92.39,3.4,3.8914792912799996,19.4573964564,9.347571168563777,42.56052522524677,0,Autumn,3,2.624342
2023-09-24,2.8726,5.8608,27.88,92.2,2.76,4.174076242559999,20.8703812128,9.699570901588336,37.51571191411029,0,Autumn,3,2.8151479999999998
2023-09-25,4.0656,5.9762,27.81,90.84,2.1,5.909256904319999,29.546284521599997,10.548525631065845,38.57617295538071,0,Autumn,3,3.984288
2023-09-26,5.4264,5.9962,28.55,86.43,1.52,7.8635373264,39.317686632000004,9.665087636846136,41.10577044529521,0,Autumn,3,5.317872
2023-09-27,5.2466,5.825,28.47,86.7,1.27,7.6054524722400005,38.0272623612,9.8451047914908,38.20697440553693,0,Autumn,3,5.141668
2023-09-28,5.4108,5.91,28.59,87.23,1.87,7.839658340639999,39.1982917032,9.156008071911517,40.059972317833584,0,Autumn,3,5.3025839999999995
2023-09-29,2.7086,6.0413,28.27,92.38,1.93,3.9295621226400006,19.6478106132,11.08778331307254,39.191028564634024,0,Autumn,3,2.6544280000000002
2023-09-30,3.8863,6.1306,27.31,94.35,4.51,5.660074164359999,28.300370821799998,10.682427912301527,41.15343921731964,0,Autumn,3,3.8085739999999997
2023-10-01,4.3255,6.091,27.57,90.96,3.96,6.2931197742,31.465598871000005,9.278669099730635,37.98143324154835,0,Autumn,3,4.23899
2023-10-02,4.1971,5.9467,27.41,91.94,2.84,6.11026073532,30.551303676599996,9.673477962527064,41.90624842937808,0,Autumn,3,4.113157999999999
2023-10-03,2.9954,5.8073,27.41,92.48,3.74,4.36079078568,21.803953928400002,9.747294865992098,37.38378370749155,0,Autumn,3,2.935492
2023-10-04,1.4695,5.8908,27.49,94.88,4.54,2.1386497566,10.693248783,9.37111800716686,37.49947654415113,0,Autumn,3,1.44011
2023-10-05,0.8626,5.4442,27.19,94.85,4.8,1.25691412728,6.284570636399999,9.532717002072664,36.490738311258774,1,Autumn,3,0.845348
2023-10-06,2.7394,5.1257,27.52,92.23,4.2,3.98632666656,19.9316333328,10.313844548127571,41.2241142748539,0,Autumn,3,2.684612
2023-10-07,3.4774,5.0597,28.06,90.66,2.7,5.049209837279999,25.246049186399997,9.881749623289116,37.73316565007524,0,Autumn,3,3.4078519999999997
2023-10-08,4.7083,5.1398,28.41,87.55,1.89,6.82679581836,34.13397909179999,9.899752943942325,37.1647336177903,0,Autumn,3,4.614134
2023-10-09,4.0918,4.9368,28.41,87.99,2.07,5.93290213656,29.664510682800003,10.340668163596138,36.33983070672163,0,Autumn,3,4.009964
2023-10-10,4.3416,4.8161,28.69,78.88,1.21,6.287951436479999,31.439757182399998,10.5938845871012,37.26638732529343,0,Autumn,3,4.254767999999999
2023-10-11,4.361,4.7395,28.44,79.78,1.41,6.322459180799999,31.612295903999996,9.60617470812298,40.642125431158235,0,Autumn,3,4.2737799999999995
2023-10-12,4.6706,4.7825,28.49,74.96,1.3,6.769935683280002,33.8496784164,9.197214117677609,38.36800830417069,0,Autumn,3,4.5771880000000005
2023-10-13,4.8185,5.0914,28.06,69.19,1.2,6.9964966932,34.982483466000005,9.474422485193488,38.685907973626094,0,Autumn,3,4.72213
2023-10-14,5.0042,5.1286,27.19,68.07,1.43,7.29173391576,36.458669578800006,9.602711160423723,38.55315219481321,0,Autumn,3,4.904116
2023-10-15,5.0069,5.0568,26.98,71.52,1.3,7.301850667439998,36.50925333719999,9.98662113907127,38.06269033008144,0,Autumn,3,4.906762
2023-10-16,5.2202,5.2385,26.69,71.88,1.39,7.621819828560001,38.109099142800005,9.322761060978936,40.33660249600727,0,Autumn,3,5.1157960000000005
2023-10-17,5.1967,5.2814,26.78,74.28,1.2,7.58475825912,37.923791295600005,9.957994884435143,38.27882727651109,0,Autumn,3,5.092766
2023-10-18,4.763,4.8408,26.32,81.05,1.79,6.964641499200001,34.82320749600001,9.851754607635078,41.32583244017266,0,Autumn,3,4.66774
2023-10-19,4.999,5.07,25.32,83.92,2.23,7.339123881599999,36.695619408,9.443076361312718,39.178465871878174,0,Autumn,3,4.899019999999999
2023-10-20,5.345,5.3582,24.71,84.19,2.34,7.866264294,39.33132146999999,10.14637046848224,39.87928955544464,0,Autumn,4,5.238099999999999
2023-10-21,5.275,5.3602,24.3,83.92,2.53,7.7759619,38.8798095,9.71380288058968,39.79881852242734,0,Autumn,4,5.1695
2023-10-22,3.9113,5.2982,25.33,82.14,2.02,5.742021513480001,28.710107567400005,9.747652221676642,40.12894097431351,0,Autumn,4,3.8330740000000003
2023-10-23,3.0566,5.0378,25.45,86.16,1.57,4.4851142364,22.425571181999995,9.448440592772982,36.6613277577243,0,Autumn,4,2.995468
2023-10-24,3.7164,5.0834,25.13,89.63,3.28,5.46026718384,27.301335919200003,9.642784065033752,37.39556982266088,0,Autumn,4,3.642072
2023-10-25,4.5979,5.1295,25.91,85.98,2.08,6.73431055668,33.67155278340001,9.263597912716964,36.833573608072726,0,Autumn,4,4.505942
2023-10-26,4.9634,5.1221,25.9,82.44,1.57,7.269931687199999,36.34965843599999,8.504425671361764,38.597690605956906,0,Autumn,4,4.864132
2023-10-27,4.7743,5.0532,25.02,82.66,1.93,7.0176595423200006,35.0882977116,9.583371168726783,36.58313669441422,0,Autumn,4,4.678814
2023-10-28,4.6994,4.9246,24.56,80.46,2.2,6.920276287679999,34.6013814384,8.369370280066391,33.86080948262707,0,Autumn,4,4.605411999999999
2023-10-29,4.7513,4.8283,23.51,77.73,2.2,7.026038089559999,35.1301904478,9.151860956282391,34.6568479449844,0,Autumn,4,4.656274
2023-10-30,4.848,5.0201,24.26,76.83,1.94,7.1476546176,35.738273088,8.102612108354554,38.51462180626715,0,Autumn,4,4.75104
2023-10-31,5.0971,5.1058,25.02,72.98,1.33,7.492137581040001,37.4606879052,8.544144757667793,36.31887848076468,0,Autumn,4,4.995158
2023-11-01,5.1864,5.189,24.8,80.96,2.26,7.630107206399999,38.15053603199999,8.325947236279065,34.865375481768844,0,Autumn,4,5.082672
2023-11-02,5.0194,5.04,25.24,83.26,2.07,7.371434622720001,36.857173113600005,8.99015571685806,35.48779843667775,0,Autumn,4,4.919012
2023-11-03,3.8016,4.2754,25.64,79.25,1.71,5.57404581888,27.8702290944,8.819139556336737,33.81469204168752,0,Autumn,4,3.725568
2023-11-04,3.4836,3.7915,26.08,75.04,1.23,5.0987697465599995,25.4938487328,9.208643633744575,34.364336084803405,0,Autumn,4,3.413928
2023-11-05,3.3067,3.8954,24.76,83.68,2.15,4.86551541504,24.327577075200004,8.974559694889567,34.830528025214356,0,Autumn,4,3.2405660000000003
2023-11-06,4.4587,4.4707,23.45,80.23,2.55,6.594925591800001,32.974627959,8.638370863415707,34.63953870120225,0,Autumn,4,4.3695260000000005
2023-11-07,3.8839,4.4143,22.48,77.19,2.35,5.76688307664,28.8344153832,8.549871184859862,35.94482365976507,0,Autumn,4,3.806222
2023-11-08,4.1407,4.171,22.41,77.18,2.05,6.149888548439999,30.7494427422,8.14033207790681,36.70047026737047,0,Autumn,4,4.057886
2023-11-09,4.2578,4.2686,22.39,75.5,2.0,6.324309605039999,31.621548025199992,9.4308401942002,35.83006444570961,0,Autumn,4,4.172643999999999
2023-11-10,4.5,4.5007,22.28,78.89,2.25,6.6869712,33.434856,8.952349698575848,31.71410340071036,0,Autumn,4,4.41
2023-11-11,4.5581,4.5588,22.07,83.7,2.57,6.7789357700399995,33.894678850199995,9.224344986535248,33.06100467919781,0,Autumn,4,4.466938
2023-11-12,4.5869,4.5931,22.27,84.02,2.66,6.81637375356,34.0818687678,8.148626619178271,33.1562263331868,0,Autumn,4,4.495162
2023-11-13,4.7796,4.7978,22.31,84.13,2.64,7.101611889120002,35.508059445600004,8.725908382585196,34.4817051012988,0,Autumn,4,4.684008
2023-11-14,4.6512,4.884,22.56,78.89,2.29,6.903995696640001,34.5199784832,8.331315095497024,34.09451193448448,0,Autumn,4,4.5581760000000004
2023-11-15,4.1446,4.6099,22.93,75.11,1.91,6.14300841336,30.7150420668,7.948202873822414,35.17994348288781,0,Autumn,4,4.061707999999999
2023-11-16,1.7395,4.405,23.2,85.81,2.45,2.575475868,12.877379340000001,8.390716802090841,30.217053481519443,0,Autumn,4,1.70471
2023-11-17,2.1473,4.595,23.42,91.94,4.77,3.17648027592,15.882401379600001,7.12527483498875,33.3267281647145,0,Autumn,4,2.104354
2023-11-18,3.2282,4.5607,23.4,85.58,2.29,4.7758249056,23.879124528000002,8.046243465265103,35.2244358910662,0,Autumn,4,3.1636360000000003
2023-11-19,4.4458,4.6291,23.27,82.55,2.07,6.58055045592,32.9027522796,7.839984824088364,32.29675199467777,0,Autumn,4,4.356884
2023-11-20,4.2283,4.5329,22.77,82.92,2.17,6.271044160920001,31.355220804600005,8.46184481119582,32.57897737712988,0,Autumn,4,4.143734
2023-11-21,3.9442,4.285,23.43,80.64,2.2,5.83438527672,29.171926383600002,7.840324021480785,32.50307492925359,0,Autumn,4,3.865316
2023-11-22,3.7622,3.7738,21.01,80.46,2.47,5.618699726639999,28.093498633199996,6.5613960602959445,32.967959570414855,0,Autumn,4,3.686956
2023-11-23,3.6773,3.689,20.03,80.15,2.37,5.513094944279999,27.565474721399994,8.255683437939133,32.573098496081165,0,Autumn,4,3.603754
2023-11-24,3.9269,4.0766,20.66,78.45,2.14,5.87275434648,29.363771732400004,6.379110392381388,31.42194176819333,0,Autumn,4,3.848362
2023-11-25,4.224,4.4117,21.1,81.41,2.5,6.306144768,31.530723840000004,8.20309609437211,32.040140052611434,0,Autumn,4,4.13952
2023-11-26,4.6572,4.6694,21.72,77.38,2.02,6.93590462208,34.679523110400005,8.31241451755765,32.52685265081649,0,Autumn,4,4.564056
2023-11-27,4.152,4.5286,21.55,76.24,1.56,6.187667471999999,30.93833736,8.706493145320106,31.714808420687085,0,Autumn,4,4.06896
2023-11-28,4.1894,4.2173,22.16,77.57,1.93,6.22837762848,31.141888142400003,6.97715799577859,30.02068376173058,0,Autumn,4,4.105612
2023-11-29,2.6741,3.6672,22.33,74.22,1.53,3.9729093003599996,19.8645465018,7.528079185784302,33.71525397149634,0,Autumn,4,2.620618
2023-11-30,4.2038,4.2281,22.4,78.99,1.92,6.243853694399999,31.219268471999992,8.283656356237092,29.508828900011853,0,Autumn,4,4.119724
2023-12-01,4.3781,4.3889,21.9,82.79,2.76,6.183181873800001,30.915909368999998,8.070945871339083,26.421390367155706,0,Winter,4,4.071633
2023-12-02,3.8266,4.0428,22.45,81.44,2.42,5.392555691400001,26.962778457000002,8.058168150742395,29.4938266087038,0,Winter,4,3.5587380000000004
2023-12-03,3.6634,4.1714,22.6,83.22,2.42,5.159503252800001,25.797516264000006,7.727440027644554,31.99089334121609,0,Winter,4,3.4069620000000005
2023-12-04,3.1697,4.1501,22.52,81.68,2.43,4.46559507648,22.327975382400002,8.28551573681274,32.03800951187156,0,Winter,4,2.9478210000000002
2023-12-05,1.3759,4.1362,22.2,82.47,1.61,1.9408775616,9.704387808000002,9.374981609543228,31.567576549927587,0,Winter,4,1.279587
2023-12-06,1.4299,3.8004,21.05,89.69,2.47,2.0262269259,10.1311346295,7.387086174386998,32.05255109286455,0,Winter,4,1.329807
2023-12-07,0.7198,3.9192,20.64,93.18,3.18,1.02163287024,5.1081643512,7.628958740260158,31.837826416099865,1,Winter,4,0.6694140000000001
2023-12-08,1.7249,3.9569,20.4,91.53,2.73,2.4505102332,12.252551166000002,7.522774125836584,33.273295677338254,0,Winter,4,1.6041570000000003
2023-12-09,3.4932,3.9384,19.36,86.73,2.96,4.98294919584,24.9147459792,7.423886500550333,29.817286514662268,0,Winter,4,3.248676
2023-12-10,2.8073,3.0622,18.35,77.02,2.17,4.0203539811,20.101769905500003,7.430037908647855,29.691199503076188,0,Winter,4,2.6107890000000005
2023-12-11,3.2866,3.2995,17.06,77.36,2.61,4.73042047032,23.6521023516,7.929520968162391,32.03137153297185,0,Winter,4,3.056538
2023-12-12,3.493,3.7142,17.39,79.41,2.39,5.0210610533999995,25.105305267,7.204801598368897,28.25032821411694,0,Winter,4,3.24849
2023-12-13,3.6564,3.7397,17.39,71.68,2.48,5.2559426383200005,26.279713191600003,6.909099664086213,28.867655055507186,0,Winter,4,3.4004520000000005
2023-12-14,3.5494,3.6043,16.53,69.84,2.22,5.11916687244,25.595834362199994,6.781551405557192,26.401946610403392,0,Winter,4,3.300942
2023-12-15,3.5174,3.5251,15.92,77.21,2.57,5.0849869953599995,25.4249349768,7.0188872270580145,27.923152843073986,0,Winter,4,3.271182
2023-12-16,3.737,3.7385,15.96,78.31,2.6,5.4016212384,27.008106192000003,5.619746453398991,26.19853206021872,0,Winter,4,3.47541
2023-12-17,3.949,3.9655,16.04,73.35,2.41,5.7062923632,28.531461816,7.120449443642016,26.210065032008583,0,Winter,4,3.67257
2023-12-18,3.8458,3.935,15.93,77.61,2.55,5.559529245480001,27.79764622740001,5.69511779891038,27.124897016549657,0,Winter,4,3.5765940000000005
2023-12-19,3.917,3.9754,16.0,79.13,2.9,5.66092674,28.3046337,6.029256156614723,23.430522383584815,0,Winter,4,3.64281
2023-12-20,4.091,4.1261,16.7,84.98,2.9,5.896415574000001,29.482077869999998,5.4233458640101695,24.694716621439596,0,Winter,4,3.8046300000000004
2023-12-21,3.864,4.0394,18.0,82.31,2.33,5.541207840000001,27.7060392,6.138920381975619,24.173300862817687,0,Winter,4,3.5935200000000003
2023-12-22,3.619,3.8558,18.97,79.27,1.53,5.1702749406,25.851374702999998,6.414731161092953,24.640878841025824,0,Winter,4,3.36567
2023-12-23,2.611,3.709,19.96,74.63,1.06,3.7157746752,18.578873376,6.351865228204663,21.923651410557746,0,Winter,4,2.42823
2023-12-24,3.0775,3.6914,19.07,80.48,1.86,4.3949451285,21.974725642500005,6.350508162290297,25.467436132506585,0,Winter,4,2.8620750000000004
2023-12-25,3.1704,3.3127,19.08,79.29,1.87,4.52743772544,22.6371886272,5.4969848178438205,25.058014281000304,0,Winter,4,2.948472
2023-12-26,3.0307,3.1399,19.23,78.49,1.79,4.325404735620001,21.627023678100002,5.36231421455967,23.092781396167904,0,Winter,4,2.8185510000000003
2023-12-27,3.2921,3.3823,18.73,82.89,2.21,4.707658885860001,23.538294429300002,5.733700009787606,24.65563313078688,0,Winter,4,3.061653
2023-12-28,3.7159,3.7754,18.89,83.12,2.23,5.310369651419999,26.551848257099998,5.379699461552204,24.551558456342523,0,Winter,4,3.455787
2023-12-29,4.1314,4.1592,18.87,84.48,2.64,5.904619189560001,29.523095947800005,6.722652134078127,24.9389918146789,0,Winter,4,3.8422020000000003
2023-12-30,4.1388,4.1954,18.56,83.6,3.04,5.92235460576,29.611773028800002,6.816976296804771,25.859372769587285,0,Winter,4,3.849084
2023-12-31,2.1758,3.8988,17.54,82.4,3.06,3.125812591440001,15.629062957200002,6.055883146955969,28.108826649788178,0,Winter,4,2.0234940000000003
2024-01-01,2.957,3.8338,17.04,79.27,2.48,4.2563554776000005,21.281777388000002,6.618437264577357,25.686167669836465,0,Winter,5,2.75001
2024-01-02,3.5914,3.8446,15.9,80.1,2.63,5.1923671092,25.961835546,6.246374288044339,28.04998996466331,0,Winter,5,3.340002
2024-01-03,2.7854,3.9612,16.03,78.18,2.62,4.02504951204,20.1252475602,5.926175513337249,26.429672666316293,0,Winter,5,2.5904220000000002
2024-01-04,3.7613,3.8302,17.02,74.97,2.22,5.41449817092,27.0724908546,6.16153855964149,27.245037704344153,0,Winter,5,3.498009
2024-01-05,3.8038,3.8182,17.29,76.99,2.31,5.4699473228399995,27.3497366142,5.847605289972209,25.538091926480988,0,Winter,5,3.537534
2024-01-06,3.4702,3.6247,18.21,76.99,2.57,4.972408631640001,24.862043158200002,5.866061932961404,24.66082932105614,0,Winter,5,3.2272860000000003
2024-01-07,3.5328,3.5369,18.23,82.77,2.85,5.06171317248,25.308565862400002,6.396973641802337,27.72961291421914,0,Winter,5,3.285504
2024-01-08,2.9419,3.558,18.23,81.23,2.88,4.21508547954,21.075427397700004,6.649662879703895,24.910645102577664,0,Winter,5,2.735967
2024-01-09,2.7379,3.6353,16.88,76.53,2.87,3.9434236538400005,19.717118269200007,6.467443300295091,25.84249785739225,0,Winter,5,2.546247
2024-01-10,3.3689,3.6413,17.21,67.34,2.15,4.846055518980001,24.230277594900002,6.733678783588237,25.730823789374305,0,Winter,5,3.133077
2024-01-11,2.9674,3.4183,17.34,78.31,2.87,4.266357984720001,21.3317899236,5.986187981053967,24.615633256287957,0,Winter,5,2.759682
2024-01-12,1.1762,2.9198,14.22,74.95,2.91,1.71155025288,8.557751264400002,6.944282618504987,22.34288977472209,1,Winter,5,1.093866
2024-01-13,3.3907,3.7937,14.63,76.88,2.66,4.926227999219999,24.631139996099996,5.779078597794071,24.35480660174532,0,Winter,5,3.153351
2024-01-14,1.4215,3.9948,14.77,75.95,2.12,2.0641365531,10.320682765500003,5.637391031872254,22.799384840425276,0,Winter,5,1.321995
2024-01-15,1.4422,3.8717,15.6,75.19,1.75,2.0875152744,10.437576372,5.8808401018297225,25.200380502911397,0,Winter,5,1.341246
2024-01-16,2.6779,3.7068,15.63,73.39,1.62,3.87568343034,19.3784171517,6.04845958655251,23.840353593491344,0,Winter,5,2.490447
2024-01-17,1.7407,3.3979,15.46,78.07,1.95,2.52093953124,12.6046976562,4.624956984310432,22.18122125640673,0,Winter,5,1.618851
2024-01-18,1.9092,3.0667,16.57,78.16,1.39,2.7531416224800003,13.765708112400002,5.112745643261805,21.7966144061528,0,Winter,5,1.7755560000000001
2024-01-19,3.397,3.5885,17.38,81.01,2.35,4.8832540812000005,24.416270406,4.833415072997784,22.55402457233181,0,Winter,5,3.15921
2024-01-20,2.9095,4.0298,15.75,76.63,2.8,4.2089263425,21.0446317125,5.599568389057514,24.08576644649248,0,Winter,5,2.705835
2024-01-21,2.9273,3.3595,15.26,73.42,2.57,4.242679913160001,21.213399565800003,6.2533019137211845,21.98520152941192,0,Winter,5,2.722389
2024-01-22,2.1074,3.0607,13.9,69.7,2.96,3.0703511412000006,15.351755706000002,5.72234901019622,21.867527582606517,1,Winter,5,1.9598820000000003
2024-01-23,3.7332,3.8138,15.44,62.37,1.86,5.406960807360001,27.034804036800004,6.2374110180117395,20.73309005083087,0,Winter,5,3.4718760000000004
2024-01-24,2.7497,3.601,15.61,71.21,1.23,3.9799053311399994,19.8995266557,5.553405712004032,23.606619395202006,0,Winter,5,2.5572209999999997
2024-01-25,2.5246,3.4913,16.1,75.82,1.72,3.647193685200001,18.235968426000003,6.1775399155215664,21.32761810178895,0,Winter,5,2.347878
2024-01-26,3.582,3.6511,15.37,69.44,2.89,5.1893702028,25.946851013999996,4.820754941430778,22.870448120164227,0,Winter,5,3.33126
2024-01-27,3.7622,3.9775,15.03,64.49,2.65,5.4575699677200005,27.2878498386,5.825886520445585,23.260820362561116,0,Winter,5,3.4988460000000003
2024-01-28,4.1566,4.2751,15.48,62.37,2.47,6.019262242559999,30.096311212799996,5.458483722073944,20.24539731022821,0,Winter,5,3.865638
2024-01-29,4.0337,4.2007,17.1,58.2,1.82,5.8048250634,29.024125317000003,5.112968313518681,21.429179894717528,0,Winter,5,3.751341
2024-01-30,3.5165,3.6888,18.55,62.14,1.42,5.032079851500001,25.160399257500004,6.2214260906539645,21.695223351209684,0,Winter,5,3.2703450000000003
2024-01-31,2.5409,2.9345,20.05,74.53,1.31,3.6147376989000004,18.073688494500004,6.548319822781186,24.366259016989343,0,Winter,5,2.3630370000000003
2024-02-01,1.59,2.8294,20.61,74.18,1.23,2.2569989580000005,11.28499479,5.948214653424248,22.893187294467808,1,Winter,5,1.4787000000000001
2024-02-02,2.4098,2.7168,19.95,77.23,2.55,3.4295767542,17.147883771,5.418484751375101,22.039888423851192,0,Winter,5,2.241114
2024-02-03,4.4671,4.4801,19.27,68.84,3.03,6.374432875140001,31.872164375700006,6.91411089907524,19.614700804219495,0,Winter,5,4.154403
2024-02-04,4.8922,4.902,19.43,59.8,2.16,6.976671511320001,34.883357556600004,6.094513397421762,23.430609292890296,0,Winter,5,4.549746
2024-02-05,3.9593,4.7035,20.71,59.73,1.79,5.618002015260001,28.0900100763,6.613809124301654,23.821680316463315,0,Winter,5,3.682149
2024-02-06,2.1034,3.4627,21.91,69.95,1.85,2.97051024348,14.852551217399999,6.58433037276502,23.126585768243963,0,Winter,5,1.9561620000000002
2024-02-07,3.9238,4.3238,20.55,73.46,2.52,5.5711328778,27.855664389,6.42300604996724,24.304325763829116,0,Winter,5,3.649134
2024-02-08,4.957,5.015,18.36,54.47,2.54,7.0986777984,35.49338899199999,6.924004483289088,23.88052728258295,0,Winter,5,4.61001
2024-02-09,5.0009,5.0198,16.44,60.78,2.96,7.215122488320001,36.0756124416,7.039263452093016,25.65231894563284,0,Winter,5,4.650837
2024-02-10,4.8948,4.9082,17.07,61.72,2.83,7.04483796312,35.224189815600006,6.478805759054724,26.56307958088125,0,Winter,5,4.552164
2024-02-11,4.7966,4.8322,19.31,55.52,2.09,6.843550009320001,34.217750046599996,6.356398063340148,25.610747384213965,0,Winter,5,4.460838
2024-02-12,4.3853,4.6649,20.98,53.93,1.78,6.2158627954800005,31.079313977400005,6.905889178262231,26.44435864516451,0,Winter,5,4.078329
2024-02-13,3.516,4.5346,22.61,54.05,1.39,4.9517100792,24.758550395999997,6.633787355210412,26.73610919456821,0,Winter,5,3.26988
2024-02-14,3.5827,4.0918,22.98,62.3,1.36,5.038249261320001,25.191246306600007,6.89294595293551,27.05884394399206,0,Winter,5,3.3319110000000003
2024-02-15,3.8256,4.0015,23.16,67.45,1.65,5.37599020032,26.879951001600002,7.181024895530712,27.712718248095072,0,Winter,5,3.557808
2024-02-16,4.4071,4.411,21.99,71.73,2.75,6.22192527018,31.1096263509,7.50350591143619,28.188016021392865,0,Winter,5,4.098603
2024-02-17,4.9022,4.9102,21.76,55.95,2.14,6.92719685424,34.635984271199995,6.657564829460436,29.28063058499889,0,Winter,5,4.5590459999999995
2024-02-18,4.4196,4.5245,21.93,47.88,1.39,6.241052399760001,31.2052619988,8.088110042837823,27.687650133788395,0,Winter,5,4.110228
2024-02-19,3.9034,4.5228,22.33,58.03,1.63,5.503398195240001,27.5169909762,7.303634359786261,28.0264134553471,0,Winter,5,3.6301620000000003
2024-02-20,2.6186,3.5381,23.68,70.5,2.76,3.67223456016,18.3611728008,6.882888692727354,28.18704323366339,0,Winter,5,2.435298
2024-02-21,4.2247,4.4414,25.7,66.39,2.45,5.876954821800001,29.384774109000002,7.36926508428466,28.56878758375978,0,Winter,5,3.9289710000000007
2024-02-22,2.4751,4.0673,25.55,71.05,2.67,3.4451684180999997,17.2258420905,7.968811367453706,31.77300694475828,0,Winter,5,2.301843
2024-02-23,3.619,4.7544,22.66,75.95,2.45,5.095759006800001,25.478795034,7.654344326958144,32.16951840551224,0,Winter,5,3.36567
2024-02-24,4.4803,5.0609,22.39,71.07,2.27,6.31526869314,31.576343465700006,8.281515039449523,33.403833202809274,0,Winter,5,4.166679
2024-02-25,2.9537,4.5514,21.31,63.84,3.22,4.181228773740001,20.906143868700003,7.8642234548413965,32.216188998270525,0,Winter,5,2.746941
2024-02-26,5.2553,5.2591,21.2,63.2,2.87,7.4425768812,37.21288440600001,7.705839994962763,30.34502861722183,0,Winter,5,4.887429
2024-02-27,4.6901,5.1653,22.63,58.66,2.5,6.604714196460001,33.0235709823,8.148354235648267,35.187645361925284,0,Winter,5,4.3617930000000005
2024-02-28,4.662,4.7143,23.78,58.24,2.3,6.535227031199999,32.676135155999994,7.780298213512537,31.221245260800455,0,Winter,5,4.33566
2024-02-29,5.2915,5.2975,23.63,55.64,2.12,7.422093900899999,37.1104695045,7.063548156241602,31.57055170773438,0,Winter,5,4.921095
2024-03-01,5.7559,5.7602,22.88,52.12,2.3,8.53292374704,42.6646187352,7.869994579449898,33.95243136488468,0,Summer,5,5.640782
2024-03-02,5.6489,5.6556,23.54,49.97,1.9,8.352377676720002,41.7618883836,8.102868828976627,33.59412401280824,0,Summer,5,5.535922
2024-03-03,4.8504,4.9951,24.59,53.34,2.13,7.14178134432,35.7089067216,8.049176717722457,36.77030582220932,0,Summer,5,4.753392
2024-03-04,3.5642,5.0035,24.71,56.83,1.94,5.24545167384,26.227258369200005,7.83399595292089,31.438728647514612,0,Summer,5,3.492916
2024-03-05,5.7617,5.772,24.84,63.51,2.97,8.47511960736,42.3755980368,8.684940731277024,34.00440497162021,0,Summer,5,5.646466
2024-03-06,6.2894,6.305,23.8,41.3,2.62,9.289796006399998,46.448980031999994,7.708678967967409,35.034814385600214,0,Summer,5,6.163612
2024-03-07,4.7866,6.0732,23.89,42.21,2.32,7.06754318088,35.3377159044,8.02324813653917,31.733933758135247,0,Summer,5,4.690868
2024-03-08,6.1058,6.1133,24.18,44.79,2.39,9.00496572528,45.0248286264,8.333721706956332,35.21492799973366,0,Summer,5,5.983684
2024-03-09,6.5088,6.522,23.21,42.25,2.95,9.63644242176,48.182212108799995,8.11232194084138,31.846394705529875,0,Summer,5,6.378623999999999
2024-03-10,6.4589,6.4675,22.76,39.2,2.39,9.579654463679999,47.898272318400004,8.785616280944954,34.519178685250345,0,Summer,5,6.329721999999999
2024-03-11,6.2316,6.2462,24.11,36.37,1.96,9.19306320912,45.965316045600005,8.19403142415072,33.167348750207765,0,Summer,5,6.106968
2024-03-12,5.3292,5.5649,26.08,45.58,2.5,7.80008144832,39.00040724160001,8.048528689210114,33.0210411871743,0,Summer,5,5.222616
2024-03-13,5.4053,5.5567,27.4,63.23,2.54,7.8695114064,39.347557032000005,8.193214348278898,34.31584516499123,0,Summer,5,5.297194
2024-03-14,3.3571,4.837,27.83,69.53,2.18,4.87907351316,24.3953675658,8.169548739444714,35.60194549036281,0,Summer,6,3.289958
2024-03-15,5.2507,5.3266,28.14,64.47,1.62,7.62158427576,38.1079213788,8.311957953569435,36.93754196839717,0,Summer,6,5.145686
2024-03-16,5.0659,5.3323,28.09,66.23,1.72,7.35482964972,36.77414824859999,9.509148572613856,33.81447968525257,0,Summer,6,4.964582
2024-03-17,5.2226,5.5015,28.12,61.95,2.03,7.581410269439999,37.907051347199996,9.17602699485055,34.40590418672234,0,Summer,6,5.118148
2024-03-18,3.1565,4.8866,28.29,57.94,1.09,4.5789918762,22.894959381,8.325770287800587,36.05466366720689,0,Summer,6,3.0933699999999997
2024-03-19,3.8309,4.9572,27.68,59.98,2.08,5.571054145440001,27.855270727200004,8.81287973722064,36.636290294598446,0,Summer,6,3.7542820000000003
2024-03-20,1.4323,5.1768,23.9,73.44,1.62,2.1147451164,10.573725581999998,9.946440740701972,35.03397465523699,0,Summer,6,1.403654
2024-03-21,4.8458,5.8541,24.24,68.3,1.27,7.144980911039998,35.7249045552,9.098912530993912,36.90704456526632,0,Summer,6,4.748883999999999
2024-03-22,5.2483,5.8368,24.52,61.5,1.69,7.729813801920001,38.6490690096,9.174301419811131,38.658601766356234,0,Summer,6,5.143334
2024-03-23,5.8106,5.8337,26.43,56.68,2.19,8.49272415096,42.4636207548,9.05061668642111,39.2100640613403,0,Summer,6,5.694388
2024-03-24,4.8374,5.7564,28.01,64.47,2.98,7.025361824879999,35.1268091244,8.728228795496785,38.672737942358175,0,Summer,6,4.740652
2024-03-25,4.4052,5.2774,28.06,63.19,2.17,6.396382117439999,31.981910587199998,9.990502367390146,37.0520746217014,0,Summer,6,4.317095999999999
2024-03-26,5.7974,5.9083,28.57,64.66,2.45,8.400481298159999,42.0024064908,9.342285763516582,35.09999802335709,0,Summer,6,5.681451999999999
2024-03-27,4.1882,5.7701,28.91,62.61,1.73,6.0603639314399995,30.3018196572,9.906965502424296,38.17107999958091,0,Summer,6,4.104436
2024-03-28,4.4479,5.5682,28.63,58.92,2.03,6.44347524324,32.2173762162,9.633679664131318,38.387220316287,0,Summer,6,4.358942
2024-03-29,3.5609,5.0071,29.35,64.17,2.02,5.1434422998,25.717211499000005,8.942512061135027,41.20813752906616,0,Summer,6,3.489682
2024-03-30,4.0212,4.8194,30.41,66.51,2.64,5.78324641104,28.916232055200005,9.775082104239264,37.69882420751506,0,Summer,6,3.940776
2024-03-31,5.8241,6.0178,30.85,64.7,3.36,8.361089608199999,41.805448041,9.208426751823133,38.570529117429366,0,Summer,6,5.707617999999999
2024-04-01,6.4474,6.5136,30.95,57.99,3.21,9.2521092636,46.260546317999996,9.683723465467814,39.54932720190059,0,Summer,6,6.318452
2024-04-02,6.5599,6.6559,30.99,55.41,2.34,9.412005450119999,47.0600272506,9.658425700955265,40.67872826676406,0,Summer,6,6.4287019999999995
2024-04-03,6.6067,6.7169,30.86,53.14,2.9,9.484203259440001,47.421016297200005,10.105638996583668,42.321654815015755,0,Summer,6,6.474566
2024-04-04,6.1668,6.2419,31.74,58.89,3.4,8.820798315840001,44.1039915792,9.337962159821457,41.96650150226953,0,Summer,6,6.043464
2024-04-05,4.5262,5.2615,32.29,56.68,2.75,6.459497531759999,32.2974876588,11.494010881749348,41.08099911712929,0,Summer,6,4.435676
2024-04-06,6.1982,6.306,32.87,53.32,2.56,8.82452857608,44.1226428804,10.652618773224932,38.488669803822376,0,Summer,6,6.074236
2024-04-07,2.6534,5.5025,32.48,55.84,2.64,3.78379509984,18.9189754992,10.139018464255182,42.055325451147645,0,Summer,6,2.600332
2024-04-08,2.1175,5.5807,31.47,41.09,4.01,3.0321676770000003,15.160838385000002,11.551680179142055,44.3014884323966,1,Summer,6,2.0751500000000003
2024-04-09,5.2073,6.275,31.35,38.44,2.21,7.4603008326,37.301504163,11.285281285640036,44.11385813148436,0,Summer,6,5.103154
2024-04-10,3.7841,5.923,30.64,38.71,2.17,5.43713413488,27.1856706744,11.409694950338348,41.84905712104138,0,Summer,6,3.708418
2024-04-11,3.4834,5.5502,31.13,38.84,1.71,4.995040937040001,24.9752046852,11.242910496269596,44.66305048475469,0,Summer,6,3.413732
2024-04-12,5.6311,6.1001,31.8,36.27,1.73,8.052563097599998,40.26281548800001,10.768676473890723,43.15631834104057,0,Summer,6,5.518478
2024-04-13,5.8438,6.138,31.68,38.7,1.71,8.36085088608,41.8042544304,11.015442526154414,44.14616373531934,0,Summer,6,5.7269239999999995
2024-04-14,5.6489,5.9078,32.79,36.7,1.63,8.045134005720001,40.22567002860001,10.826787017338438,41.49767624237615,0,Summer,6,5.535922
2024-04-15,5.3789,5.4204,33.43,39.62,1.99,7.64035953324,38.2017976662,11.645437899497884,43.73656151038346,0,Summer,6,5.271322
2024-04-16,5.2714,5.6273,34.16,44.48,3.22,7.46503617888,37.3251808944,11.21463920620724,45.159733589746054,0,Summer,6,5.165972
2024-04-17,5.3422,6.2158,34.22,50.16,3.45,7.563414106080001,37.817070530399995,11.081882902956044,42.72794282228258,0,Summer,6,5.235356
2024-04-18,6.114,6.5652,33.97,46.23,2.39,8.6651056296,43.325528148,10.686195362232253,44.227685363695635,0,Summer,6,5.99172
2024-04-19,6.893,6.9127,34.1,47.26,4.65,9.763879356,48.81939678,10.678921965095665,42.840254090390395,0,Summer,6,6.75514
2024-04-20,7.2667,7.2713,35.31,43.91,5.05,10.241521299239999,51.2076064962,10.814066265080353,46.19586222372443,1,Summer,6,7.121366
2024-04-21,6.883,6.9696,35.23,47.32,3.56,9.7039810308,48.51990515400001,11.511430377458,46.72738094146589,0,Summer,6,6.74534
2024-04-22,6.031,6.8878,35.48,39.62,2.84,8.4939253056,42.469626528,11.980096166859672,44.849184235182314,0,Summer,6,5.91038
2024-04-23,5.8882,6.3377,34.64,30.81,2.89,8.32189198176,41.6094599088,11.177869972738776,44.46957087959808,1,Summer,6,5.770436
2024-04-24,6.2491,6.5626,35.27,37.6,3.57,8.80880884884,44.0440442442,12.02190691242761,48.36473178151523,0,Summer,6,6.124118
2024-04-25,6.6019,6.787,35.73,35.81,2.49,9.28826328444,46.44131642219999,11.902993432760873,49.18596300434442,1,Summer,6,6.469861999999999
2024-04-26,6.5254,6.701,35.19,43.12,3.53,9.20135430312,46.0067715156,11.563187370511466,47.460931492483525,0,Summer,6,6.3948920000000005
2024-04-27,6.1874,6.6888,35.61,43.9,3.29,8.709465913679999,43.547329568399995,11.69335023815967,48.74994063038957,0,Summer,6,6.063652
2024-04-28,6.1862,6.4889,36.03,45.86,3.84,8.69249933832,43.462496691599995,11.815024794912604,47.74522015692089,0,Summer,6,6.062476
2024-04-29,6.8897,6.9094,36.31,39.77,3.24,9.66967465884,48.348373294199995,12.364074755516056,46.99810405940169,1,Summer,6,6.751906
2024-04-30,6.7356,6.7644,37.23,38.47,4.53,9.416958838560001,47.0847941928,12.438930926761971,49.66006456564949,1,Summer,6,6.600887999999999
2024-05-01,6.7711,7.0051,36.76,38.92,2.68,9.48530356032,47.4265178016,12.639218152125189,48.80506289702259,1,Summer,6,6.6356779999999995
2024-05-02,6.4181,6.5988,35.84,38.91,3.74,9.02552244048,45.127612202399995,12.19704767636792,49.05750203690723,1,Summer,6,6.289738
2024-05-03,7.1856,7.273,34.87,34.49,1.72,10.14581139264,50.7290569632,12.405155860238276,47.78666304806893,1,Summer,6,7.041888
2024-05-04,6.047,6.7459,33.82,49.13,3.72,8.5754829048,42.877414523999995,13.164618331419028,51.79458585882416,0,Summer,6,5.92606
2024-05-05,6.1296,6.7363,34.12,53.55,5.52,8.68180852224,43.4090426112,12.561581132927383,45.40604997721637,0,Summer,6,6.007008
2024-05-06,4.1345,6.0919,31.61,68.44,5.12,5.917020215399999,29.585101076999994,12.43197804543714,51.42744641088348,0,Summer,6,4.05181
2024-05-07,5.8111,6.4826,30.03,66.97,2.44,8.370445581959999,41.85222790979999,12.416981025177922,51.04115369872785,0,Summer,6,5.694877999999999
2024-05-08,5.1518,6.5299,27.52,79.6,1.74,7.49680868832,37.484043441599994,12.47192136618428,49.92242681016299,0,Summer,6,5.048763999999999
2024-05-09,5.0419,6.4301,28.33,72.96,1.35,7.3128705812399994,36.56435290619999,11.5181068175395,47.13088974169552,0,Summer,6,4.941062
2024-05-10,6.0014,6.2959,28.31,76.33,1.78,8.70525395208,43.5262697604,11.936330342699293,46.13560729387612,0,Summer,6,5.881372
2024-05-11,4.4462,6.1673,28.51,79.87,2.41,6.44414976744,32.2207488372,11.09604742015518,45.99451170358602,0,Summer,6,4.357276
2024-05-12,5.3371,6.0576,28.66,79.18,1.97,7.7306783383200015,38.65339169160001,10.23491702976072,42.512820686723984,0,Summer,6,5.230358000000001
2024-05-13,6.1656,6.637,29.12,77.29,1.6,8.91406664064,44.5703332032,10.876533970799716,42.53809860936489,0,Summer,6,6.042288
2024-05-14,6.4104,6.811,29.98,73.33,1.72,9.23557610304,46.1778805152,10.127991782555334,45.8743417277393,0,Summer,6,6.282192
2024-05-15,6.3905,6.6742,29.61,75.38,2.17,9.2208089946,46.104044973,11.223968530632556,42.58227714845774,0,Summer,6,6.26269
2024-05-16,5.9741,6.4589,30.3,73.31,1.98,8.5957501476,42.978750737999995,11.099923659334456,40.85762054023683,0,Summer,6,5.854617999999999
2024-05-17,5.3222,5.7466,30.89,69.82,3.02,7.63930918296,38.1965459148,9.896899647311674,42.52781508372397,0,Summer,6,5.215756
2024-05-18,3.3934,5.9366,31.35,72.99,3.02,4.861595230800001,24.307976154,11.070234087992231,43.02656325967213,0,Summer,6,3.325532
2024-05-19,4.0022,5.4648,31.49,70.83,3.06,5.73050524536,28.652526226800003,10.86090758455124,40.99884845909952,0,Summer,6,3.922156
2024-05-20,3.5213,6.2532,31.0,71.74,2.13,5.052079536,25.26039768,10.502829388212994,43.72252544953268,0,Summer,6,3.450874
2024-05-21,5.5399,6.1642,30.82,73.16,1.35,7.954068758160001,39.770343790800005,11.205631374839072,41.449483727226045,0,Summer,6,5.429102
2024-05-22,5.075,6.269,30.99,73.59,1.81,7.281502410000001,36.40751205,10.466257451732345,42.697339104122534,0,Summer,6,4.9735000000000005
2024-05-23,6.725,6.845,31.73,68.69,1.72,9.61962561,48.09812805,10.504072935124375,43.54546048083302,0,Summer,6,6.5905
2024-05-24,7.1474,7.2274,32.55,67.16,2.35,10.1893763244,50.946881622,10.58633351590015,44.118103899666586,0,Summer,6,7.004452
2024-05-25,6.9826,7.4352,32.38,69.8,2.65,9.96141626256,49.807081312799994,11.17532441169088,43.033628956118775,0,Summer,6,6.842948
2024-05-26,3.4942,7.5926,29.41,85.61,8.51,5.04586659864,25.229332993200003,10.834425685515708,42.1756926255373,1,Summer,7,3.424316
2024-05-27,0.9271,6.6766,28.45,90.83,12.82,1.3440298493999998,6.720149247,11.135588928236876,43.655566517746685,1,Summer,7,0.908558
2024-05-28,5.4715,6.7906,29.57,84.31,4.9,7.896077040600001,39.480385203000004,10.784103768900154,40.62144925664464,0,Summer,7,5.36207
2024-05-29,4.1952,5.8063,30.54,87.02,5.07,6.03028452096,30.151422604799997,11.254701710793338,43.39668951308954,0,Summer,7,4.111295999999999
2024-05-30,4.7489,5.9614,30.49,85.13,5.24,6.82758280932,34.1379140466,11.467824581634508,42.8114353278972,0,Summer,7,4.653922
2024-05-31,3.0763,6.2666,29.9,85.88,3.7,4.4335266444,22.167633221999996,11.602689333634144,45.01226254605355,0,Summer,7,3.0147739999999996
2024-06-01,5.945,6.5983,29.97,83.39,3.51,7.691393688000001,38.456968440000004,13.439086321001412,52.18783292458555,0,Monsoon,7,5.2316
2024-06-02,5.2382,6.3098,30.0,83.67,4.1,6.77613552,33.8806776,12.7653689946071,48.81148377568131,0,Monsoon,7,4.609616
2024-06-03,5.5126,6.1884,29.2,86.54,3.62,7.154384582399999,35.771922912,12.963262939161115,54.299249966084865,0,Monsoon,7,4.851088
2024-06-04,5.0738,6.1543,29.56,86.44,3.26,6.575255132160001,32.8762756608,12.997140842133096,50.65632397003517,0,Monsoon,7,4.464944
2024-06-05,6.1361,6.4867,30.1,82.98,2.33,7.934419099199999,39.672095496000004,13.43652157938583,50.456039503333656,0,Monsoon,7,5.399768
2024-06-06,4.9553,5.9945,30.02,85.49,2.25,6.40965280032,32.048264001599996,11.688966076547718,51.23010292279184,0,Monsoon,7,4.360664
2024-06-07,5.5123,6.1457,30.38,83.19,2.75,7.1196514012800005,35.598257006400004,12.43225573640358,50.884049591262986,0,Monsoon,7,4.850824
2024-06-08,5.3616,5.9952,30.75,81.53,4.16,6.914533823999999,34.57266912,12.478806573875538,49.6332327971134,0,Monsoon,7,4.718208
2024-06-09,4.7743,5.8541,30.15,86.36,3.63,6.1722532344,30.861266172000004,11.403539270516813,49.88359917175632,0,Monsoon,7,4.201384
2024-06-10,4.8295,5.7533,29.59,89.17,3.29,6.2578961016,31.289480508000004,12.549620434056925,51.456971301265355,0,Monsoon,7,4.249960000000001
2024-06-11,5.6784,6.0065,29.15,88.69,3.94,7.3710628992,36.855314496,12.45668949389196,53.07834624847341,0,Monsoon,7,4.996992
2024-06-12,4.794,5.7811,29.67,82.02,3.79,6.209871465599999,31.049357327999992,13.123664257701323,50.7641861892052,0,Monsoon,7,4.218719999999999
2024-06-13,3.8357,4.9982,29.9,84.99,4.36,4.9638867696,24.819433848,12.17784439072732,48.43971112036014,0,Monsoon,7,3.375416
2024-06-14,4.8542,6.2345,30.19,86.68,4.37,6.274523386559999,31.372616932799993,12.824542533755537,50.06879801547028,0,Monsoon,7,4.2716959999999995
2024-06-15,4.0289,5.6318,30.19,86.5,4.51,5.207743247520001,26.038716237600003,12.113310323465296,49.737032899702875,0,Monsoon,7,3.5454320000000004
2024-06-16,4.0783,5.837,30.71,82.78,3.94,5.2604001489600005,26.302000744800004,12.746058975967916,50.31792955072915,0,Monsoon,7,3.588904
2024-06-17,4.0361,6.0679,29.75,86.2,4.47,5.226426612,26.132133059999997,13.579977663860731,49.65920878000687,0,Monsoon,7,3.551768
2024-06-18,2.8867,6.0401,30.26,84.99,5.78,3.7302722582399994,18.651361291199997,12.0745794789961,50.321869324761884,0,Monsoon,7,2.5402959999999997
2024-06-19,1.813,5.8536,28.81,91.19,4.79,2.3566882415999997,11.783441208,12.549463662208751,49.80736075307316,0,Monsoon,7,1.59544
2024-06-20,2.7254,6.1063,29.18,85.89,3.38,3.53737733184,17.6868866592,13.569231822298192,51.593951527417495,0,Monsoon,7,2.398352
2024-06-21,4.741,6.5609,29.35,84.73,1.51,6.149228711999999,30.74614356,11.937987665478742,48.3037255493375,0,Monsoon,7,4.172079999999999
2024-06-22,4.3608,7.0392,29.55,83.23,2.17,5.6514921408,28.257460704,12.928202601489494,50.66267077618451,0,Monsoon,7,3.837504
2024-06-23,6.024,7.0339,29.94,82.03,2.34,7.7945548032,38.972774016,13.161072265719351,49.3795283971948,0,Monsoon,7,5.30112
2024-06-24,6.1277,7.0805,29.2,85.96,2.59,7.9526761248,39.76338062399999,12.183340875912233,49.706417036064195,0,Monsoon,7,5.392376
2024-06-25,6.4049,7.0289,29.75,83.88,2.8,8.293833107999998,41.46916554,12.270736690517683,50.1808526399852,0,Monsoon,7,5.636311999999999
2024-06-26,5.093,7.1371,30.12,82.39,2.49,6.5850778752,32.925389376,12.12116378257704,51.08359788646219,0,Monsoon,7,4.48184
2024-06-27,4.8682,7.2662,28.91,88.72,4.02,6.32552098464,31.627604923200007,12.463020760495104,51.00641144701425,0,Monsoon,7,4.284016
2024-06-28,4.0627,7.3853,29.69,85.22,4.49,5.26215854736,26.310792736800003,11.982304036786545,51.30242203140918,0,Monsoon,7,3.5751760000000004
2024-06-29,3.6576,7.3277,29.01,89.38,3.54,4.750590366719999,23.752951833599994,12.585174995552403,47.093375559481615,0,Monsoon,7,3.2186879999999998
2024-06-30,2.472,7.2463,28.8,91.71,3.8,3.2134417920000002,16.06720896,12.344722306962437,50.126232651299155,0,Monsoon,7,2.17536
2024-07-01,2.46,6.9588,28.22,91.72,5.11,3.205376064,16.02688032,12.609653512430054,49.5971052156589,0,Monsoon,7,2.1648
2024-07-02,2.641,6.8018,28.53,89.29,4.7,3.4368959855999996,17.184479928,13.059819988402127,50.33508797726277,0,Monsoon,7,2.32408
2024-07-03,2.7677,7.2144,28.15,89.94,4.59,3.6073316136000004,18.036658068000005,11.79923440928977,48.59263621074152,0,Monsoon,7,2.435576
2024-07-04,3.5239,7.3049,28.28,92.05,4.73,4.59051969024,22.952598451199997,12.014468144264594,48.799965272376944,0,Monsoon,7,3.101032
2024-07-05,2.6484,6.9749,29.0,88.49,4.44,3.4399537920000003,17.19976896,11.539572466568544,47.34586743071221,0,Monsoon,7,2.330592
2024-07-06,3.2801,7.0358,28.97,88.38,3.08,4.26097585584,21.304879279199998,12.617206215277657,46.19587656087893,0,Monsoon,7,2.886488
2024-07-07,5.1214,7.2247,28.91,87.5,2.45,6.65451772128,33.2725886064,11.70834956604113,48.76010406013361,0,Monsoon,7,4.506832
2024-07-08,5.4718,6.9562,28.78,86.62,3.11,7.11356762688,35.567838134400006,12.318617601955756,48.87571756946452,0,Monsoon,7,4.815184
2024-07-09,4.637,7.0409,29.38,86.55,3.29,6.0136028832,30.068014415999993,12.201131641449372,47.78560243692804,0,Monsoon,7,4.080559999999999
2024-07-10,5.5066,6.99,29.3,86.53,3.99,7.1436901536,35.718450768,11.534181057684831,46.71484217294804,0,Monsoon,7,4.845808
2024-07-11,3.4435,6.8794,29.06,89.46,4.43,4.4716023792,22.358011896,12.4550491458427,48.06975719261507,0,Monsoon,7,3.03028
2024-07-12,2.6806,6.9007,28.68,88.83,3.87,3.48630686976,17.431534348800003,12.62566193783441,46.930340622188005,0,Monsoon,7,2.358928
2024-07-13,5.2368,6.9228,29.26,84.78,2.16,6.794785704959999,33.973928524799994,12.1531613034971,47.72754980324082,0,Monsoon,7,4.608384
2024-07-14,5.8409,7.1042,29.37,86.41,3.02,7.5752174097600005,37.876087048799995,11.909208482058853,49.85284182504846,0,Monsoon,7,5.139992
2024-07-15,5.4382,7.2595,29.04,88.34,4.66,7.06242066816,35.31210334080001,11.764137621929995,52.14793612991785,0,Monsoon,7,4.785616
2024-07-16,4.5684,7.1436,29.25,89.96,3.94,5.927773104,29.63886552,11.653055896172049,48.587703159647766,0,Monsoon,7,4.020192
2024-07-17,5.665,7.2055,29.25,88.14,3.12,7.3506774,36.753387,12.03282758073247,46.72835578555019,0,Monsoon,7,4.9852
2024-07-18,6.2246,6.9965,29.54,87.5,3.51,8.06726086848,40.3363043424,11.93327552748555,49.949969088348155,0,Monsoon,7,5.477647999999999
2024-07-19,6.0787,7.1626,29.56,86.91,5.73,7.87752835584,39.3876417792,12.47045762252472,47.943330925380984,0,Monsoon,7,5.3492560000000005
2024-07-20,5.118,7.2295,29.32,85.84,5.78,6.639020467200001,33.195102336000005,12.13186046354905,49.91688560351751,0,Monsoon,7,4.50384
2024-07-21,5.2135,7.2739,28.86,88.42,5.44,6.7755646992,33.877823496,11.5880116787102,45.9215139801925,0,Monsoon,7,4.58788
2024-07-22,4.1978,7.2602,28.7,89.9,5.04,5.459087779199999,27.295438896,12.096680105681418,49.9363221247968,0,Monsoon,7,3.694064
2024-07-23,5.1353,7.2727,29.26,86.82,4.24,6.66308872416,33.315443620799996,11.782452426812618,52.09611073605845,0,Monsoon,7,4.519064
2024-07-24,4.2898,7.133,29.48,87.22,3.64,5.561063354879999,27.805316774399998,12.684213639378852,48.88332019364017,0,Monsoon,7,3.7750239999999997
2024-07-25,5.676,7.1621,29.71,86.63,2.49,7.3511646912,36.75582345600001,12.181192305372168,47.74314014520932,0,Monsoon,7,4.99488
2024-07-26,5.9352,7.3454,29.8,86.94,4.97,7.684042291200001,38.420211456,12.594832744369604,45.69177511805589,0,Monsoon,7,5.222976
2024-07-27,5.0537,7.2547,29.06,89.23,6.0,6.562548843840001,32.812744219200006,12.784488329973744,51.10441960899246,0,Monsoon,7,4.447256
2024-07-28,5.3796,7.1582,29.53,86.65,3.73,6.972400575359999,34.8620028768,12.090441523183038,50.1899506899802,0,Monsoon,7,4.734048
2024-07-29,4.9229,7.1237,29.75,87.88,3.79,6.3747616680000005,31.87380834,11.38300198159401,50.66928663177293,0,Monsoon,7,4.332152000000001
2024-07-30,3.9115,6.8969,28.8,91.08,3.82,5.084699664,25.42349832,11.976806641976316,48.64887638231605,0,Monsoon,7,3.44212
2024-07-31,4.5427,7.0241,28.34,94.0,2.65,5.91625257696,29.581262884799997,12.57161693598317,48.55374151114656,0,Monsoon,7,3.997576
2024-08-01,2.4746,7.3502,27.73,93.55,3.97,3.23080212576,16.154010628800002,11.948879205746268,50.01202760900467,0,Monsoon,7,2.177648
2024-08-02,2.0494,7.2926,27.69,93.45,5.89,2.67609996192,13.3804998096,11.494256504883577,50.13989284014778,0,Monsoon,7,1.803472
2024-08-03,2.0431,6.9144,27.71,93.18,5.14,2.66765769072,13.338288453599999,11.87069638891746,50.105241037250025,0,Monsoon,7,1.797928
2024-08-04,4.4316,6.8796,28.51,88.56,3.48,5.767582043520001,28.837910217600005,12.343960431776358,52.01278234720859,0,Monsoon,7,3.8998080000000006
2024-08-05,2.9868,6.7774,28.75,88.53,2.83,3.88343736,19.417186800000003,12.726863631667197,49.37423970489197,0,Monsoon,7,2.628384
2024-08-06,5.0993,6.6756,28.42,91.52,3.17,6.63899488032,33.1949744016,11.899929006291854,46.97628292221073,0,Monsoon,7,4.4873840000000005
2024-08-07,5.2812,6.847,28.0,92.5,4.49,6.887529792,34.43764896,12.778659671540549,46.80882018387364,0,Monsoon,8,4.647456
2024-08-08,4.7066,6.551,27.85,91.42,3.58,6.1418870832,30.709435416000005,11.38908529702015,49.15567975917769,0,Monsoon,8,4.141808
2024-08-09,4.1033,6.774,27.95,92.17,3.38,5.3524429992,26.762214996,12.61184169414866,45.95893593502329,0,Monsoon,8,3.610904
2024-08-10,4.5127,6.8021,28.87,89.49,3.27,5.864553293279999,29.322766466399997,12.100816444104195,48.50427640272144,0,Monsoon,8,3.971176
2024-08-11,2.7912,6.1584,28.58,91.22,2.67,3.6316236211199997,18.1581181056,11.84800405220385,49.25717083772772,0,Monsoon,8,2.4562559999999998
2024-08-12,3.9842,6.1942,28.65,91.04,2.8,5.1823604976,25.911802488000003,12.235720715956404,48.478729778786,0,Monsoon,8,3.506096
2024-08-13,4.2034,6.473,29.35,89.4,2.21,5.4519443088,27.259721543999998,13.021360070215003,45.66697156011352,0,Monsoon,8,3.698992
2024-08-14,5.0755,6.6182,28.65,91.76,2.53,6.601844964,33.00922481999999,12.064561893269662,47.954520074216674,0,Monsoon,8,4.4664399999999995
2024-08-15,5.172,6.6408,28.76,90.2,2.79,6.7243613184,33.621806592,11.904020357926893,47.16689804558663,0,Monsoon,8,4.55136
2024-08-16,4.3344,6.8273,28.28,92.28,2.03,5.646343127039999,28.231715635199997,12.721479329090895,47.53402130367953,0,Monsoon,8,3.8142719999999994
2024-08-17,5.4211,6.7646,27.83,91.55,3.05,7.0748477553599995,35.3742387768,12.79399788489349,49.30584971221027,0,Monsoon,8,4.770568
2024-08-18,2.2286,6.9595,27.85,94.4,4.18,2.9082160272000004,14.541080136,11.672326752914229,48.707710686782434,0,Monsoon,8,1.961168
2024-08-19,2.8932,6.9718,27.6,94.76,2.65,3.779306150400001,18.896530752,11.745284387507672,47.21475200710371,0,Monsoon,8,2.5460160000000003
2024-08-20,4.3066,6.5885,28.34,92.0,3.6,5.60876424768,28.0438212384,12.354514904187033,49.50404058263296,0,Monsoon,8,3.7898080000000003
2024-08-21,2.9887,6.3437,28.16,95.34,4.0,3.8952181382400006,19.4760906912,11.621870005057753,46.221379279921344,0,Monsoon,8,2.630056
2024-08-22,2.5524,6.4968,28.07,93.68,3.73,3.3277946169600003,16.638973084800003,11.695854139500929,46.932596604911275,0,Monsoon,8,2.246112
2024-08-23,3.9024,6.6626,27.76,93.04,2.54,5.09429910528,25.471495526400002,13.351206215906892,45.75921484754745,0,Monsoon,8,3.4341120000000003
2024-08-24,4.686,6.6204,27.08,94.13,3.08,6.1340564736,30.670282368000002,11.818508400804692,47.353524654715905,0,Monsoon,8,4.12368
2024-08-25,2.448,6.8306,27.08,92.29,2.23,3.2044750848000003,16.022375424,11.404971982719443,48.26490388812787,0,Monsoon,8,2.15424
2024-08-26,2.449,6.8198,26.89,94.38,3.91,3.208240939199999,16.041204695999998,11.938073544106404,48.34686057447227,0,Monsoon,8,2.1551199999999997
2024-08-27,3.5731,6.84,26.95,92.24,2.52,4.679703362400001,23.398516812,11.592793073472484,45.155505647616586,0,Monsoon,8,3.1443280000000002
2024-08-28,5.2476,6.8314,27.6,90.2,2.13,6.854792947200001,34.27396473600001,11.02314529875068,48.07987599903758,0,Monsoon,8,4.617888000000001
2024-08-29,6.3696,6.7138,27.98,89.18,2.26,8.30765016576,41.5382508288,11.259580995077023,46.26069442843601,0,Monsoon,8,5.6052480000000005
2024-08-30,5.6004,6.5316,27.85,89.65,2.29,7.308253180799999,36.54126590399999,11.934151662672935,47.52334928492359,0,Monsoon,8,4.928351999999999
2024-08-31,5.3014,6.6449,28.25,91.04,3.16,6.906875976000001,34.53437988,12.2866584758471,47.009459005447866,0,Monsoon,8,4.6652320000000005
2024-09-01,4.0706,6.5002,27.96,91.71,2.8,5.91293402112,29.564670105599998,9.340392714006493,37.66794999472677,0,Autumn,8,3.9891879999999995
2024-09-02,5.4108,6.6379,28.3,88.73,1.9,7.848884836799999,39.244424183999996,10.222763815727834,38.61693253219047,0,Autumn,8,5.3025839999999995
2024-09-03,3.5172,6.4238,28.7,87.36,1.68,5.093763796799999,25.468818983999995,9.675553607979882,38.186091922849656,0,Autumn,8,3.446856
2024-09-04,5.039,6.3494,28.19,89.63,2.04,7.312812469199999,36.56406234599999,8.070860783687133,37.396192938263454,0,Autumn,8,4.938219999999999
2024-09-05,5.2447,6.3139,28.1,89.87,1.95,7.6141086084000005,38.070543042000004,9.29635671457804,36.95030502890618,0,Autumn,8,5.139806
2024-09-06,4.7765,6.5316,29.08,82.95,1.6,6.9068648544,34.534324272,8.761839431248173,39.33197105290007,0,Autumn,8,4.68097
2024-09-07,5.6623,6.5734,28.11,90.5,2.44,8.22003565236,41.1001782618,9.197378097065515,39.48529792031968,0,Autumn,8,5.549054
2024-09-08,5.7293,6.5146,28.56,90.82,3.28,8.30214070896,41.510703544799995,10.491345005900785,40.92251489140485,0,Autumn,8,5.614714
2024-09-09,5.2726,6.5134,28.44,92.03,4.31,7.64407206528,38.220360326400005,9.816356451843896,38.640726100094184,0,Autumn,8,5.167148
2024-09-10,4.8365,6.4942,28.6,91.15,3.72,7.007275968,35.03637984,10.115526077816424,40.03541028875907,0,Autumn,8,4.73977
2024-09-11,5.1134,6.4651,28.72,92.39,2.06,7.40484953376,37.024247668799994,10.700308506621663,40.41129979760805,0,Autumn,8,5.011132
2024-09-12,4.1381,6.5194,29.28,88.24,1.97,5.9788659201600005,29.894329600799995,9.072731291298448,37.56512803713505,0,Autumn,8,4.055338
2024-09-13,4.5168,6.3475,28.42,92.89,3.47,6.54886495872,32.7443247936,10.345619566257124,40.908991286035,0,Autumn,8,4.426464
2024-09-14,1.7275,6.6437,27.13,94.88,8.24,2.5177890990000003,12.588945495,9.26218132450006,39.86453780603489,1,Autumn,8,1.69295
2024-09-15,1.1004,6.1824,26.79,95.05,8.65,1.60600606992,8.0300303496,9.515452583171989,39.53110246902845,1,Autumn,8,1.078392
2024-09-16,1.506,5.9398,27.18,93.91,6.66,2.1945154896,10.972577448000001,9.718910261420495,37.26282276681009,1,Autumn,8,1.47588
2024-09-17,5.3765,6.0816,28.12,89.3,2.74,7.8048198816,39.024099408,9.253866137381165,39.775370454521294,0,Autumn,8,5.26897
2024-09-18,5.4754,5.9201,28.97,83.77,1.14,7.92102245256,39.6051122628,9.652916484210188,37.81010100740925,0,Autumn,8,5.365892
2024-09-19,5.6971,5.9822,28.77,88.19,2.25,8.24844596604,41.2422298302,9.47778143485472,39.264422384821295,0,Autumn,8,5.583158
2024-09-20,6.0343,6.0761,29.57,87.49,1.93,8.708269704120001,43.541348520599996,9.656210921824291,36.81562039815009,0,Autumn,8,5.913614
2024-09-21,4.5708,5.4898,29.15,88.73,1.79,6.607539338400001,33.037696692000004,11.29669362430974,38.0535582093697,0,Autumn,8,4.4793840000000005
2024-09-22,5.8214,6.1514,29.33,88.0,2.02,8.40924282744,42.046214137199996,10.115625244742851,40.57131350167302,0,Autumn,8,5.704972
2024-09-23,4.2197,6.1217,29.1,91.79,1.72,6.1012304724,30.506152362,10.74133669189275,42.29098352829352,0,Autumn,8,4.135306
2024-09-24,4.3198,6.0053,27.89,93.17,3.25,6.27669877464,31.3834938732,10.304108752571212,39.143097976582176,0,Autumn,8,4.233404
2024-09-25,2.0628,6.1387,27.12,94.0,3.96,3.00660196032,15.0330098016,9.654838927819023,38.27758914068055,0,Autumn,8,2.021544
2024-09-26,2.0088,6.1006,26.99,95.1,3.43,2.92943062944,14.6471531472,10.1551709314126,39.862187385918794,0,Autumn,8,1.968624
2024-09-27,4.0118,6.0252,27.44,92.13,3.22,5.8397879030399995,29.198939515200003,9.571446543709245,39.40254035644014,0,Autumn,8,3.931564
2024-09-28,4.7906,6.0917,28.04,90.66,2.82,6.956549066880001,34.7827453344,9.86544782438518,41.93248445594479,0,Autumn,8,4.694788
2024-09-29,4.0829,5.5716,28.66,89.89,2.77,5.91399572568,29.569978628400005,9.881762136567607,40.78832271374624,0,Autumn,8,4.001242
2024-09-30,3.4414,5.3546,28.76,90.01,2.52,4.98277277568,24.913863878399994,10.103869965836545,40.69521655326462,0,Autumn,8,3.372572
2024-10-01,3.0684,5.226,29.04,89.78,1.62,4.43765754432,22.188287721600002,10.050219876912143,39.81010528586939,0,Autumn,8,3.007032
2024-10-02,3.5546,5.4276,28.76,88.51,1.61,5.14667405952,25.733370297599997,9.455601824126903,39.67168067167349,0,Autumn,8,3.483508
2024-10-03,1.5317,5.4655,27.28,92.33,2.44,2.2310644171200003,11.1553220856,8.888850878355546,37.7348528386946,0,Autumn,8,1.501066
2024-10-04,2.2044,4.9478,27.13,92.9,2.99,3.2128592126400006,16.064296063200004,9.30663208849447,40.05626807565841,0,Autumn,8,2.1603120000000002
2024-10-05,2.3844,4.3891,27.28,93.05,2.76,3.4731017798399995,17.365508899199998,9.60672748751383,39.21026574018287,0,Autumn,8,2.336712
2024-10-06,3.2604,5.22,27.4,90.6,2.19,4.7467772352,23.733886176000002,10.15223729288084,38.425939179548365,0,Autumn,8,3.195192
2024-10-07,4.4926,5.5406,27.52,88.02,1.41,6.537552450240001,32.6877622512,10.03728875062797,36.52183006228755,0,Autumn,8,4.402748
2024-10-08,4.265,5.3052,27.55,88.01,1.48,6.205600589999999,31.028002949999998,10.171457266854912,39.78575694539388,0,Autumn,8,4.1796999999999995
2024-10-09,3.4661,4.6464,27.46,88.26,1.69,5.0450305567200004,25.2251527836,9.888906127479176,39.07476140212984,0,Autumn,8,3.396778
2024-10-10,3.6442,4.4882,27.2,91.08,2.32,5.3098326288,26.549163144,9.15511006482638,40.57076400522953,0,Autumn,8,3.571316
2024-10-11,3.6809,4.4642,27.61,89.99,2.56,5.35443296388,26.772164819399993,9.775062224041127,37.08799450768524,0,Autumn,8,3.6072819999999997
2024-10-12,3.4447,4.4342,28.27,86.18,1.74,4.99747568628,24.9873784314,9.52273606210617,40.35806667514088,0,Autumn,8,3.375806
2024-10-13,4.3898,4.65,27.82,85.36,1.6,6.38021609232,31.901080461600003,10.173603024015902,40.00937481962165,0,Autumn,8,4.302004
2024-10-14,4.3666,4.8559,27.03,84.17,1.87,6.36678051576,31.8339025788,8.8865781633185,37.15155015746912,0,Autumn,8,4.279268
2024-10-15,3.9396,4.6332,27.77,79.62,0.98,5.72704537104,28.635226855200003,9.069244577447042,38.70684820873653,0,Autumn,8,3.860808
2024-10-16,3.5964,4.6642,27.63,81.83,1.02,5.23109183184,26.155459159200003,9.810715252891686,41.83625340234767,0,Autumn,8,3.524472
2024-10-17,2.4624,4.1446,28.12,83.75,1.41,3.57455379456,17.872768972800003,9.471962667022575,38.57370922039717,0,Autumn,8,2.413152
2024-10-18,2.1768,3.7699,27.59,86.97,1.69,3.16674507744,15.833725387200001,8.789504441684269,38.71896748271412,0,Autumn,8,2.133264
2024-10-19,3.0526,3.7068,27.59,86.92,1.35,4.44083334408,22.204166720399996,9.481725437492203,40.077102954813185,0,Autumn,9,2.991548
2024-10-20,4.416,4.5146,25.96,86.55,2.28,6.4665925632,32.332962816,9.955511425944692,39.189349038910805,0,Autumn,9,4.32768
2024-10-21,4.4654,5.0155,25.19,86.8,2.42,6.55914925512,32.7957462756,10.413806363250089,38.62136059843648,0,Autumn,9,4.376092
2024-10-22,5.0412,5.129,26.27,84.62,1.91,7.37291833488,36.864591674399996,9.940778176863404,37.497884778247574,0,Autumn,9,4.940376
2024-10-23,2.1943,5.0246,26.54,91.12,2.45,3.2057511746400005,16.028755873199998,10.254411800561403,36.381596342789706,0,Autumn,9,2.150414
2024-10-24,1.3174,5.0558,25.57,93.79,6.23,1.93216260216,9.660813010799998,9.41091912208297,37.11655485324933,1,Autumn,9,1.2910519999999999
2024-10-25,1.3183,4.7798,26.9,91.12,5.3,1.9231729524,9.615864762,9.718900761009277,38.83553504291527,0,Autumn,9,1.291934
2024-10-26,3.8434,4.8502,27.11,90.95,3.27,5.60211370488,28.010568524399996,9.572545677643566,37.56225803969251,0,Autumn,9,3.7665319999999998
2024-10-27,4.7688,4.8554,27.07,85.55,1.41,6.952092073919999,34.760460369600004,9.565885653798626,37.899518107136274,0,Autumn,9,4.673424
2024-10-28,4.8221,4.9474,27.53,82.79,1.08,7.016751511560001,35.083757557800006,8.808284478857088,37.286015030386025,0,Autumn,9,4.725658
2024-10-29,4.6426,4.842,27.38,83.04,1.1,6.75965159856,33.7982579928,8.776098735060046,36.2760747245034,0,Autumn,9,4.549748
2024-10-30,4.3697,4.8173,27.01,87.22,1.84,6.37181438964,31.859071948199997,9.123540981842538,36.23710797364064,0,Autumn,9,4.282306
2024-10-31,3.6283,4.6349,27.13,88.72,2.04,5.28815871948,26.4407935974,9.185741188497566,38.93977073398463,0,Autumn,9,3.5557339999999997
2024-11-01,3.7908,3.9679,26.65,87.13,2.26,5.5356976584,27.678488292,8.998772625167225,36.22651467214016,0,Autumn,9,3.714984
2024-11-02,4.0025,4.177,25.41,83.01,1.92,5.8740257730000005,29.370128865000005,9.506024940130438,37.6702246834124,0,Autumn,9,3.9224500000000004
2024-11-03,3.929,4.3687,25.83,75.21,0.99,5.756454908399999,28.782274542,10.422273616810816,38.103419875800135,0,Autumn,9,3.8504199999999997
2024-11-04,4.2689,4.2816,25.33,79.21,1.34,6.26699962644,31.334998132200003,8.633575305710675,36.52852915816358,0,Autumn,9,4.183522
2024-11-05,3.9485,4.397,25.19,84.07,2.13,5.7998837358,28.999418679,8.930970332385252,35.54185453320367,0,Autumn,9,3.86953
2024-11-06,4.5996,4.6505,25.39,84.63,1.71,6.750864197279999,33.75432098639999,8.404044427816071,34.544583642348144,0,Autumn,9,4.507607999999999
2024-11-07,4.5178,4.7885,24.58,86.61,2.22,6.65232315888,33.2616157944,9.304433335411217,36.5616638364528,0,Autumn,9,4.427444
2024-11-08,4.9961,5.0232,24.24,84.08,2.26,7.36659357168,36.832967858399996,8.182885386561626,35.58348214882038,0,Autumn,9,4.896178
2024-11-09,4.9939,5.0443,24.22,83.9,2.23,7.363937022959999,36.819685114799995,9.206509083598814,36.48130774907819,0,Autumn,9,4.894022
2024-11-10,4.9634,5.0088,23.76,82.17,2.18,7.33238714208,36.661935710399995,10.423064735383631,36.31356908124098,0,Autumn,9,4.864132
2024-11-11,4.6109,4.8454,23.76,81.53,2.02,6.81164199408,34.0582099704,8.933010103556757,35.901687450346884,0,Autumn,9,4.518682
2024-11-12,4.3649,4.71,24.04,81.7,2.14,6.44104198752,32.2052099376,8.913250682115834,34.76876665816764,0,Autumn,9,4.277602
2024-11-13,4.524,4.5842,22.79,81.84,2.51,6.7090684752,33.545342376,8.28741719974459,35.73150436898672,0,Autumn,9,4.43352
2024-11-14,4.278,4.3639,22.33,84.69,2.58,6.3558228888,31.779114443999994,8.558006875960734,34.00689314638224,0,Autumn,9,4.1924399999999995
2024-11-15,4.2082,4.2391,21.77,83.29,2.35,6.265977817679999,31.329889088399998,7.784360586317609,32.90567035862378,0,Autumn,9,4.124035999999999
2024-11-16,4.0822,4.0848,21.13,82.21,2.44,6.093726910320001,30.4686345516,8.03711538456545,30.546904978801855,0,Autumn,9,4.0005560000000004
2024-11-17,4.0483,4.0526,20.97,73.9,1.64,6.0469311361199996,30.234655680600003,8.733066930528073,31.76573840539065,0,Autumn,9,3.967334
2024-11-18,4.4153,4.4292,21.35,71.69,1.2,6.5852521686,32.926260843,8.479035568301912,35.09141578014489,0,Autumn,9,4.326994
2024-11-19,4.6882,4.7275,20.83,72.5,1.59,7.00660678872,35.0330339436,7.693532363756336,32.47017862654191,0,Autumn,9,4.594436
2024-11-20,4.5768,4.6034,20.6,73.24,1.48,6.8463069696,34.231534848,8.688685024488645,31.46609127846752,0,Autumn,9,4.485264
2024-11-21,4.2324,4.375,21.35,73.0,1.48,6.312463768799999,31.562318843999996,7.966513088103053,31.248063284072305,0,Autumn,9,4.147752
2024-11-22,4.0466,4.157,21.54,71.88,1.58,6.03082926768,30.154146338399997,8.476239748995132,30.379752061816536,0,Autumn,9,3.9656679999999995
2024-11-23,3.7097,3.9566,21.46,80.67,1.91,5.530477147440001,27.6523857372,7.612039164426001,30.20675219097124,0,Autumn,9,3.6355060000000003
2024-11-24,3.6382,3.7867,20.04,82.77,2.28,5.45426137536,27.2713068768,8.144507074909408,29.96583098825044,0,Autumn,9,3.5654359999999996
2024-11-25,3.5105,3.7373,19.61,77.84,2.27,5.2716939786,26.358469893000002,7.752315074134403,27.590750908355535,0,Autumn,9,3.44029
2024-11-26,3.7726,3.8671,19.47,80.41,2.13,5.66839337064,28.3419668532,8.430209641755644,29.892422526069097,0,Autumn,9,3.6971480000000003
2024-11-27,4.0226,4.187,20.33,81.9,2.02,6.02368098696,30.118404934799994,7.267310459495233,30.59462251952831,0,Autumn,9,3.9421479999999995
2024-11-28,4.0524,4.253,20.79,82.92,2.17,6.057344351519999,30.2867217576,7.628863242347434,30.265530362958778,0,Autumn,9,3.9713519999999995
2024-11-29,3.642,4.3373,21.5,81.83,2.16,5.428692359999999,27.143461799999997,6.382370396818131,27.292738261612374,0,Autumn,9,3.5691599999999997
2024-11-30,2.2082,4.3572,21.59,83.26,2.3,3.290330176560001,16.451650882800003,6.730119463769368,26.26510735829744,0,Autumn,9,2.1640360000000003
2024-12-01,3.8086,4.1443,20.27,82.51,2.48,5.413518903240002,27.0675945162,7.661462895415956,30.20499359516965,0,Winter,9,3.5419980000000004
2024-12-02,2.9606,3.9017,20.09,81.33,2.4,4.21115092668,21.055754633400003,6.578787583650268,28.201594831357784,0,Winter,9,2.753358
2024-12-03,4.0222,4.0666,20.18,80.66,2.65,5.71914848232,28.595742411599996,7.703154153679308,31.314718907916035,0,Winter,9,3.740646
2024-12-04,3.8273,3.8407,19.64,76.25,2.01,5.45355345024,27.2677672512,6.685367868017593,28.433956270449205,0,Winter,9,3.5593890000000004
2024-12-05,3.4178,3.4296,19.97,70.6,1.9,4.863759759720001,24.318798798600003,7.0963334380058445,25.53526941422307,0,Winter,9,3.1785540000000005
2024-12-06,3.7776,3.7795,18.44,72.86,2.48,5.40803029248,27.040151462400004,7.352736691171932,28.103078414274908,0,Winter,9,3.5131680000000003
2024-12-07,3.773,3.7783,18.05,72.29,2.34,5.409655713000001,27.048278565000004,6.9284963391613115,26.168996652650165,0,Winter,9,3.5088900000000005
2024-12-08,3.8537,3.8674,17.92,71.06,2.07,5.52815731368,27.6407865684,6.98954163893291,26.178816276602028,0,Winter,9,3.5839410000000003
2024-12-09,2.2822,3.5006,17.48,79.09,1.79,3.2794337635200006,16.3971688176,7.55306032481114,26.618683241607215,0,Winter,9,2.122446
2024-12-10,3.1483,3.3406,18.77,82.91,2.22,4.501324112220001,22.5066205611,6.398798737127942,24.272940606807197,0,Winter,9,2.927919
2024-12-11,2.9467,3.3636,16.61,82.32,3.04,4.24859979654,21.2429989827,7.248898527574003,28.76254716369358,0,Winter,9,2.740431
2024-12-12,1.8739,3.4589,15.47,84.22,3.0,2.7137396298599996,13.5686981493,6.52996303397186,27.112132580120548,0,Winter,9,1.742727
2024-12-13,3.5006,3.6127,15.78,84.82,2.88,5.063434468560001,25.317172342800003,6.96927948522046,27.00606370119379,0,Winter,9,3.255558
2024-12-14,3.8789,3.8971,15.38,81.23,2.96,5.619283300440001,28.096416502200007,6.3649182959818065,26.40444870101197,0,Winter,9,3.607377
2024-12-15,4.3118,4.3322,15.85,82.7,2.7,6.2351085726,31.175542862999997,5.882837588026238,26.14979578219668,0,Winter,9,4.009974
2024-12-16,4.3056,4.3702,17.02,76.71,1.63,6.19803347904,30.990167395199997,5.299009242768322,24.923302966545243,0,Winter,9,4.004208
2024-12-17,3.9379,4.0711,18.08,77.44,1.97,5.645426995439999,28.2271349772,5.7840635704834025,23.4443998404108,0,Winter,9,3.6622470000000003
2024-12-18,3.5218,3.8532,17.51,75.81,2.36,5.06010181356,25.3005090678,6.203302089801171,26.43988970516608,0,Winter,9,3.275274
2024-12-19,3.5974,3.9629,17.9,77.95,2.22,5.160894793200001,25.804473966000003,5.246955079386677,23.537423139194388,0,Winter,9,3.3455820000000003
2024-12-20,3.2532,3.8549,17.79,79.15,2.16,4.66909609176,23.345480458800004,6.521659655479094,22.796564287823987,0,Winter,9,3.0254760000000003
2024-12-21,1.668,3.659,17.1,84.87,2.16,2.4003887760000002,12.00194388,5.6625400347134445,23.45646099536673,0,Winter,9,1.55124
2024-12-22,3.4584,3.7488,17.2,83.24,2.66,4.9749914016,24.874957008000003,6.021353106051702,23.169343185017937,0,Winter,9,3.2163120000000003
2024-12-23,3.9497,3.9754,16.99,80.49,2.76,5.686366501260001,28.4318325063,6.6369717351570765,23.564777128932196,0,Winter,9,3.6732210000000003
2024-12-24,3.905,3.9269,18.04,77.13,2.05,5.5991327040000005,27.99566352,5.264735381400555,25.16220164455667,0,Winter,9,3.63165
2024-12-25,3.1738,3.6926,17.67,75.73,2.23,4.55726386332,22.786319316600004,6.033606204904648,23.93454653158572,0,Winter,9,2.9516340000000003
2024-12-26,3.5554,3.5585,18.62,78.89,2.91,5.08635666216,25.4317833108,5.583262933007227,23.49858272127955,0,Winter,9,3.306522
2024-12-27,3.9156,3.9173,18.24,82.13,3.2,5.60996156448,28.049807822400002,6.464731026989188,23.822864648240635,0,Winter,9,3.641508
2024-12-28,4.1242,4.1302,18.55,77.44,2.29,5.9016930822,29.508465411,6.003805573484009,26.68440538033061,0,Winter,9,3.835506
2024-12-29,3.703,3.7097,19.64,76.98,2.28,5.276437286399999,26.382186431999997,6.4705532117962985,25.1447570107988,0,Winter,9,3.44379
2024-12-30,3.6665,3.7704,20.03,80.4,2.27,5.216449077899999,26.0822453895,6.693849878620469,25.65985684151166,0,Winter,9,3.4098450000000002
2024-12-31,3.4274,3.6089,17.21,78.71,3.3,4.930205908680001,24.6510295434,5.740971640427611,24.65549900764959,0,Winter,9,3.187482
